{"scores": {"recall_score": {"std": [0.019594585020149255], "values": [0.72286821705426352, 0.70542635658914732, 0.75775193798449614, 0.72480620155038755, 0.71124031007751942, 0.72868217054263562, 0.76356589147286824, 0.7650485436893204, 0.75728155339805825, 0.70485436893203879, 0.74031007751937983, 0.75, 0.71124031007751942, 0.69573643410852715, 0.72286821705426352, 0.71124031007751942, 0.75968992248062017, 0.75533980582524274, 0.76310679611650489, 0.72427184466019412, 0.72480620155038755, 0.74612403100775193, 0.74612403100775193, 0.71511627906976749, 0.74806201550387597, 0.74031007751937983, 0.73837209302325579, 0.74951456310679609, 0.73009708737864076, 0.73592233009708741, 0.7441860465116279, 0.73255813953488369, 0.72093023255813948, 0.72868217054263562, 0.73255813953488369, 0.70930232558139539, 0.74612403100775193, 0.69902912621359226, 0.75145631067961161, 0.71650485436893208, 0.71899224806201545, 0.72093023255813948, 0.73449612403100772, 0.73643410852713176, 0.75193798449612403, 0.72868217054263562, 0.76356589147286824, 0.72815533980582525, 0.71650485436893208, 0.73203883495145627, 0.68992248062015504, 0.76550387596899228, 0.73643410852713176, 0.73837209302325579, 0.71124031007751942, 0.76744186046511631, 0.72674418604651159, 0.74951456310679609, 0.71844660194174759, 0.72233009708737861, 0.72093023255813948, 0.75968992248062017, 0.71124031007751942, 0.73255813953488369, 0.75387596899224807, 0.71124031007751942, 0.73062015503875966, 0.7339805825242719, 0.75533980582524274, 0.73203883495145627, 0.73062015503875966, 0.71705426356589153, 0.70930232558139539, 0.69573643410852715, 0.71899224806201545, 0.76162790697674421, 0.69379844961240311, 0.70291262135922328, 0.73009708737864076, 0.76699029126213591, 0.75, 0.74224806201550386, 0.71705426356589153, 0.68604651162790697, 0.74031007751937983, 0.72093023255813948, 0.73062015503875966, 0.73786407766990292, 0.74174757281553394, 0.7203883495145631, 0.74224806201550386, 0.71899224806201545, 0.73449612403100772, 0.72868217054263562, 0.72674418604651159, 0.69961240310077522, 0.75775193798449614, 0.74174757281553394, 0.71456310679611645, 0.6912621359223301], "mean": [0.73100752615338305]}, "precision_score": {"std": [0.015321179420911959], "values": [0.70912547528517111, 0.71512770137524562, 0.74193548387096775, 0.73767258382642997, 0.72673267326732671, 0.72030651340996166, 0.7448015122873346, 0.71247739602169979, 0.72222222222222221, 0.74385245901639341, 0.70740740740740737, 0.75291828793774318, 0.72386587771203159, 0.70254403131115462, 0.72709551656920079, 0.72529644268774707, 0.72458410351201474, 0.7367424242424242, 0.73320895522388063, 0.7186897880539499, 0.7450199203187251, 0.74181117533718688, 0.72368421052631582, 0.69622641509433958, 0.71614100185528762, 0.75196850393700787, 0.75, 0.73946360153256707, 0.7189292543021033, 0.71916508538899426, 0.71375464684014867, 0.71455576559546319, 0.7265625, 0.71755725190839692, 0.72692307692307689, 0.7052023121387283, 0.71828358208955223, 0.76271186440677963, 0.7247191011235955, 0.73799999999999999, 0.71760154738878146, 0.70188679245283014, 0.73166023166023164, 0.71698113207547165, 0.71062271062271065, 0.72307692307692306, 0.74339622641509429, 0.76219512195121952, 0.71098265895953761, 0.75551102204408815, 0.71057884231536927, 0.72080291970802923, 0.72796934865900387, 0.76352705410821642, 0.72673267326732671, 0.7160940325497287, 0.73099415204678364, 0.72967863894139884, 0.70881226053639845, 0.72373540856031127, 0.74103585657370519, 0.74809160305343514, 0.72673267326732671, 0.72137404580152675, 0.70598911070780401, 0.71819960861056753, 0.73489278752436649, 0.71863117870722437, 0.73258003766478341, 0.71132075471698109, 0.74950298210735589, 0.70610687022900764, 0.69847328244274809, 0.72088353413654616, 0.74497991967871491, 0.7264325323475046, 0.71599999999999997, 0.73877551020408161, 0.71347248576850097, 0.73831775700934577, 0.72336448598130842, 0.73512476007677541, 0.69943289224952743, 0.74526315789473685, 0.73180076628352486, 0.72941176470588232, 0.7007434944237918, 0.71161048689138573, 0.74609375, 0.71621621621621623, 0.70534069981583791, 0.71072796934865901, 0.72328244274809161, 0.73151750972762641, 0.72115384615384615, 0.71485148514851482, 0.73358348968105069, 0.71535580524344566, 0.72440944881889768, 0.75423728813559321], "mean": [0.72595440111994292]}}, "type": "classifier", "name": "AdaBoostClassifier", "dataset_name": "INFO1", "label": "AdaBoostClassifier"}