{"scores": {"recall_score": {"std": [0.06419846956089964], "values": [0.39436619718309857, 0.39436619718309857, 0.50704225352112675, 0.60563380281690138, 0.29577464788732394, 0.5, 0.54285714285714282, 0.41428571428571431, 0.51428571428571423, 0.5, 0.46478873239436619, 0.47887323943661969, 0.53521126760563376, 0.52112676056338025, 0.45070422535211269, 0.42857142857142855, 0.52857142857142858, 0.32857142857142857, 0.34285714285714286, 0.45714285714285713, 0.45070422535211269, 0.42253521126760563, 0.50704225352112675, 0.39436619718309857, 0.54929577464788737, 0.34285714285714286, 0.52857142857142858, 0.47142857142857142, 0.47142857142857142, 0.52857142857142858, 0.39436619718309857, 0.50704225352112675, 0.49295774647887325, 0.40845070422535212, 0.49295774647887325, 0.51428571428571423, 0.51428571428571423, 0.47142857142857142, 0.35714285714285715, 0.42857142857142855, 0.47887323943661969, 0.45070422535211269, 0.40845070422535212, 0.323943661971831, 0.52112676056338025, 0.44285714285714284, 0.5, 0.52857142857142858, 0.41428571428571431, 0.44285714285714284, 0.52112676056338025, 0.53521126760563376, 0.47887323943661969, 0.42253521126760563, 0.45070422535211269, 0.45714285714285713, 0.52857142857142858, 0.34285714285714286, 0.32857142857142857, 0.5, 0.50704225352112675, 0.52112676056338025, 0.52112676056338025, 0.45070422535211269, 0.49295774647887325, 0.55714285714285716, 0.40000000000000002, 0.5, 0.44285714285714284, 0.42857142857142855, 0.47887323943661969, 0.46478873239436619, 0.46478873239436619, 0.53521126760563376, 0.54929577464788737, 0.5, 0.42857142857142855, 0.5, 0.44285714285714284, 0.38571428571428573, 0.43661971830985913, 0.647887323943662, 0.3380281690140845, 0.47887323943661969, 0.45070422535211269, 0.44285714285714284, 0.41428571428571431, 0.48571428571428571, 0.48571428571428571, 0.54285714285714282, 0.45070422535211269, 0.38028169014084506, 0.49295774647887325, 0.54929577464788737, 0.50704225352112675, 0.55714285714285716, 0.45714285714285713, 0.52857142857142858, 0.45714285714285713, 0.48571428571428571], "mean": [0.46691750503018115]}, "precision_score": {"std": [0.069310540320591155], "values": [0.71794871794871795, 0.68292682926829273, 0.73469387755102045, 0.71666666666666667, 0.52500000000000002, 0.72916666666666663, 0.74509803921568629, 0.70731707317073167, 0.73469387755102045, 0.875, 0.57894736842105265, 0.79069767441860461, 0.77551020408163263, 0.75510204081632648, 0.72727272727272729, 0.78947368421052633, 0.6607142857142857, 0.57499999999999996, 0.72727272727272729, 0.72727272727272729, 0.65306122448979587, 0.73170731707317072, 0.70588235294117652, 0.77777777777777779, 0.65000000000000002, 0.66666666666666663, 0.6271186440677966, 0.6875, 0.73333333333333328, 0.73999999999999999, 0.71794871794871795, 0.75, 0.69999999999999996, 0.64444444444444449, 0.67307692307692313, 0.80000000000000004, 0.76595744680851063, 0.66000000000000003, 0.56818181818181823, 0.73170731707317072, 0.66666666666666663, 0.68085106382978722, 0.72499999999999998, 0.56097560975609762, 0.68518518518518523, 0.75609756097560976, 0.79545454545454541, 0.77083333333333337, 0.63043478260869568, 0.64583333333333337, 0.6166666666666667, 0.76000000000000001, 0.62962962962962965, 0.78947368421052633, 0.7441860465116279, 0.66666666666666663, 0.73999999999999999, 0.5714285714285714, 0.76666666666666672, 0.85365853658536583, 0.80000000000000004, 0.73999999999999999, 0.6607142857142857, 0.62745098039215685, 0.69999999999999996, 0.78000000000000003, 0.77777777777777779, 0.76086956521739135, 0.62, 0.76923076923076927, 0.75555555555555554, 0.6470588235294118, 0.66000000000000003, 0.80851063829787229, 0.82978723404255317, 0.67307692307692313, 0.75, 0.77777777777777779, 0.72093023255813948, 0.62790697674418605, 0.79487179487179482, 0.75409836065573765, 0.5714285714285714, 0.75555555555555554, 0.80000000000000004, 0.81578947368421051, 0.63043478260869568, 0.70833333333333337, 0.70833333333333337, 0.74509803921568629, 0.68085106382978722, 0.69230769230769229, 0.77777777777777779, 0.8125, 0.76595744680851063, 0.76470588235294112, 0.69565217391304346, 0.77083333333333337, 0.68085106382978722, 0.68000000000000005], "mean": [0.71407874939666283]}}, "type": "classifier", "name": "AdaBoostClassifier", "dataset_name": "EUSES", "label": "AdaBoostClassifier"}