{"scores": {"recall_score": {"std": [0.00649686385139755], "values": [0.9844961240310077, 0.9786821705426356, 0.9961240310077519, 0.9844961240310077, 0.9844961240310077, 0.9864341085271318, 0.9922480620155039, 0.9883495145631068, 0.9922330097087378, 0.9864077669902913, 0.9883720930232558, 0.9864341085271318, 0.998062015503876, 0.9922480620155039, 0.9825581395348837, 0.9961240310077519, 0.9767441860465116, 0.9728155339805825, 0.9825242718446602, 0.9941747572815534, 0.9903100775193798, 0.9941860465116279, 0.9922480620155039, 0.9883720930232558, 0.9844961240310077, 0.9922480620155039, 0.9844961240310077, 0.9941747572815534, 0.9786407766990292, 0.9902912621359223, 0.9844961240310077, 0.9903100775193798, 0.9786821705426356, 0.9806201550387597, 0.9922480620155039, 0.9883720930232558, 0.9922480620155039, 0.9941747572815534, 0.9825242718446602, 0.9766990291262136, 0.9961240310077519, 0.9844961240310077, 0.9864341085271318, 0.9922480620155039, 0.9903100775193798, 0.9844961240310077, 0.9961240310077519, 0.9883495145631068, 0.9825242718446602, 0.9844660194174757, 0.9825581395348837, 0.9844961240310077, 0.9767441860465116, 0.9961240310077519, 0.9903100775193798, 0.9844961240310077, 0.9806201550387597, 0.9922330097087378, 0.9844660194174757, 0.9883495145631068, 0.9922480620155039, 0.9922480620155039, 0.9748062015503876, 0.9825581395348837, 0.9922480620155039, 0.9922480620155039, 0.9903100775193798, 0.9572815533980582, 0.9844660194174757, 0.9825242718446602, 0.9844961240310077, 0.9883720930232558, 0.9825581395348837, 0.9961240310077519, 0.9786821705426356, 0.9903100775193798, 0.9903100775193798, 0.9902912621359223, 0.996116504854369, 0.9844660194174757, 0.9903100775193798, 0.9883720930232558, 0.9883720930232558, 0.9825581395348837, 0.9903100775193798, 0.9709302325581395, 0.9922480620155039, 0.9883495145631068, 0.9883495145631068, 0.9864077669902913, 0.9883720930232558, 0.9961240310077519, 0.9941860465116279, 0.9864341085271318, 0.9922480620155039, 0.9748062015503876, 0.9922480620155039, 0.9864077669902913, 0.9883495145631068, 0.9883495145631068], "mean": [0.9871623014977047]}, "precision_score": {"std": [0.016917262700994678], "values": [0.7351664254703328, 0.7559880239520959, 0.7581120943952803, 0.7755725190839695, 0.7604790419161677, 0.7474302496328928, 0.6937669376693767, 0.7677224736048266, 0.7237960339943342, 0.7839506172839507, 0.7162921348314607, 0.755192878338279, 0.7540263543191801, 0.7485380116959064, 0.7589820359281437, 0.7385057471264368, 0.7444608567208272, 0.7511244377811095, 0.755223880597015, 0.7314285714285714, 0.7604166666666666, 0.7749244712990937, 0.7463556851311953, 0.74235807860262, 0.7175141242937854, 0.7876923076923077, 0.7459618208516887, 0.750733137829912, 0.7433628318584071, 0.7445255474452555, 0.7437774524158126, 0.7481698389458272, 0.7674772036474165, 0.7507418397626113, 0.7596439169139466, 0.7533234859675036, 0.7485380116959064, 0.767616191904048, 0.7218259629101283, 0.7451851851851852, 0.7406340057636888, 0.7298850574712644, 0.7529585798816568, 0.7496339677891655, 0.7310443490701002, 0.7525925925925926, 0.744927536231884, 0.7891472868217054, 0.7518573551263001, 0.776416539050536, 0.7477876106194691, 0.7593423019431988, 0.7325581395348837, 0.779969650986343, 0.7373737373737373, 0.7351664254703328, 0.7631975867269984, 0.7352517985611511, 0.7263610315186246, 0.7452415812591509, 0.7441860465116279, 0.7619047619047619, 0.7691131498470948, 0.757847533632287, 0.7420289855072464, 0.7388167388167388, 0.7481698389458272, 0.7608024691358025, 0.7263610315186246, 0.7249283667621776, 0.7708649468892261, 0.7317073170731707, 0.7466863033873343, 0.7581120943952803, 0.7639939485627837, 0.7341954022988506, 0.7416545718432511, 0.7522123893805309, 0.7328571428571429, 0.7533432392273403, 0.7341954022988506, 0.770392749244713, 0.7600596125186289, 0.7670196671709532, 0.7719033232628398, 0.7602427921092565, 0.735632183908046, 0.7261055634807418, 0.7654135338345864, 0.7548291233283804, 0.7338129496402878, 0.7481804949053857, 0.7737556561085973, 0.7507374631268436, 0.7540500736377025, 0.7485119047619048, 0.7734138972809668, 0.724679029957204, 0.755192878338279, 0.7842835130970724], "mean": [0.750094483110906]}}, "type": "classifier", "name": "MLPClassifier", "dataset_name": "INFO1", "label": "MLPClassifier"}