{"scores": {"recall_score": {"std": [0.06089413067266119], "values": [0.4225352112676056, 0.4788732394366197, 0.6338028169014085, 0.5915492957746479, 0.4225352112676056, 0.5428571428571428, 0.5857142857142857, 0.4714285714285714, 0.5428571428571428, 0.5142857142857142, 0.6056338028169014, 0.5915492957746479, 0.5774647887323944, 0.6197183098591549, 0.5774647887323944, 0.4857142857142857, 0.5285714285714286, 0.42857142857142855, 0.4714285714285714, 0.5142857142857142, 0.5070422535211268, 0.5211267605633803, 0.5774647887323944, 0.4084507042253521, 0.6197183098591549, 0.6, 0.5857142857142857, 0.5571428571428572, 0.5285714285714286, 0.5571428571428572, 0.5070422535211268, 0.5633802816901409, 0.5492957746478874, 0.4647887323943662, 0.7183098591549296, 0.5714285714285714, 0.5142857142857142, 0.5285714285714286, 0.5285714285714286, 0.5857142857142857, 0.5070422535211268, 0.4647887323943662, 0.5211267605633803, 0.5211267605633803, 0.5633802816901409, 0.5285714285714286, 0.5285714285714286, 0.5428571428571428, 0.5571428571428572, 0.45714285714285713, 0.676056338028169, 0.6197183098591549, 0.4507042253521127, 0.4647887323943662, 0.5492957746478874, 0.4857142857142857, 0.6285714285714286, 0.5428571428571428, 0.44285714285714284, 0.4857142857142857, 0.5915492957746479, 0.6056338028169014, 0.5070422535211268, 0.5070422535211268, 0.5070422535211268, 0.6, 0.4714285714285714, 0.6, 0.45714285714285713, 0.5428571428571428, 0.5211267605633803, 0.5633802816901409, 0.5070422535211268, 0.5915492957746479, 0.5211267605633803, 0.6, 0.5142857142857142, 0.5428571428571428, 0.6, 0.44285714285714284, 0.5352112676056338, 0.676056338028169, 0.49295774647887325, 0.4788732394366197, 0.5352112676056338, 0.6714285714285714, 0.4714285714285714, 0.5428571428571428, 0.5571428571428572, 0.5428571428571428, 0.4507042253521127, 0.4647887323943662, 0.4647887323943662, 0.6056338028169014, 0.5352112676056338, 0.5142857142857142, 0.5571428571428572, 0.6285714285714286, 0.5571428571428572, 0.5285714285714286], "mean": [0.5374346076458753]}, "precision_score": {"std": [0.04055305403142071], "values": [0.19480519480519481, 0.2222222222222222, 0.36885245901639346, 0.3157894736842105, 0.20408163265306123, 0.2835820895522388, 0.26973684210526316, 0.22602739726027396, 0.27941176470588236, 0.32727272727272727, 0.225130890052356, 0.2709677419354839, 0.3037037037037037, 0.2913907284768212, 0.22282608695652173, 0.26153846153846155, 0.30327868852459017, 0.23809523809523808, 0.2619047619047619, 0.2975206611570248, 0.26277372262773724, 0.296, 0.29927007299270075, 0.22137404580152673, 0.3308270676691729, 0.3111111111111111, 0.20812182741116753, 0.319672131147541, 0.23870967741935484, 0.2671232876712329, 0.21052631578947367, 0.28776978417266186, 0.2671232876712329, 0.24087591240875914, 0.1895910780669145, 0.3305785123966942, 0.2748091603053435, 0.29838709677419356, 0.2868217054263566, 0.3082706766917293, 0.26865671641791045, 0.2682926829268293, 0.2483221476510067, 0.23717948717948717, 0.2702702702702703, 0.3333333333333333, 0.2534246575342466, 0.2585034013605442, 0.2805755395683453, 0.23703703703703705, 0.2608695652173913, 0.3548387096774194, 0.19161676646706588, 0.28448275862068967, 0.2826086956521739, 0.3090909090909091, 0.2558139534883721, 0.2360248447204969, 0.23484848484848486, 0.21518987341772153, 0.3559322033898305, 0.34959349593495936, 0.2571428571428571, 0.2647058823529412, 0.28125, 0.2857142857142857, 0.25384615384615383, 0.2978723404255319, 0.2807017543859649, 0.3220338983050847, 0.3008130081300813, 0.25, 0.23376623376623376, 0.35, 0.2868217054263566, 0.2608695652173913, 0.23376623376623376, 0.3220338983050847, 0.39622641509433965, 0.26956521739130435, 0.2835820895522388, 0.2874251497005988, 0.2734375, 0.23943661971830985, 0.33043478260869563, 0.26256983240223464, 0.22, 0.2389937106918239, 0.2708333333333333, 0.2695035460992908, 0.2909090909090909, 0.22602739726027396, 0.25, 0.2925170068027211, 0.33043478260869563, 0.2589928057553957, 0.3170731707317073, 0.26993865030674846, 0.2727272727272727, 0.2642857142857143], "mean": [0.27400632677745856]}}, "type": "classifier", "name": "MLPClassifier", "dataset_name": "EUSES", "label": "MLPClassifier"}