{"scores": {"recall_score": {"std": [0.03094035091543833], "values": [0.9795918367346939, 0.9791666666666666, 0.8958333333333334, 0.9375, 1.0, 0.875, 0.9375, 0.9791666666666666, 0.9583333333333334, 0.9375, 0.9795918367346939, 0.9375, 0.9583333333333334, 0.9375, 0.9375, 0.9375, 0.9375, 0.9791666666666666, 0.9375, 0.9583333333333334, 0.9591836734693877, 0.875, 0.9791666666666666, 0.9375, 0.9791666666666666, 0.9791666666666666, 0.9375, 0.9791666666666666, 0.875, 0.9791666666666666, 0.9387755102040817, 0.9583333333333334, 0.9375, 0.9583333333333334, 0.9583333333333334, 0.9583333333333334, 0.9375, 0.9583333333333334, 0.9166666666666666, 0.9166666666666666, 0.9795918367346939, 1.0, 0.9583333333333334, 0.9166666666666666, 0.9791666666666666, 0.8958333333333334, 0.9375, 0.9375, 0.9791666666666666, 0.9375, 0.9183673469387755, 0.9166666666666666, 0.9583333333333334, 0.9166666666666666, 0.9791666666666666, 0.9166666666666666, 0.9583333333333334, 0.9583333333333334, 1.0, 0.9583333333333334, 0.9795918367346939, 0.9583333333333334, 0.9375, 0.8541666666666666, 0.9583333333333334, 0.9791666666666666, 0.9375, 0.9791666666666666, 0.9166666666666666, 0.9791666666666666, 0.9387755102040817, 0.9791666666666666, 0.9375, 0.9583333333333334, 0.9791666666666666, 0.875, 0.9583333333333334, 0.9791666666666666, 0.9375, 0.9583333333333334, 0.9183673469387755, 1.0, 0.9583333333333334, 0.9583333333333334, 0.9791666666666666, 0.9375, 0.9583333333333334, 0.9583333333333334, 0.8958333333333334, 0.9166666666666666, 0.9795918367346939, 0.9583333333333334, 0.9375, 0.9791666666666666, 0.9791666666666666, 0.9583333333333334, 0.875, 0.9583333333333334, 0.9791666666666666, 0.9166666666666666], "mean": [0.9488392857142857]}, "precision_score": {"std": [0.03493189607300477], "values": [0.9795918367346939, 0.8867924528301887, 0.9148936170212766, 0.9782608695652174, 0.9230769230769231, 0.9333333333333333, 0.9375, 1.0, 0.9583333333333334, 0.9782608695652174, 0.9795918367346939, 0.9183673469387755, 0.9787234042553191, 0.9782608695652174, 0.9183673469387755, 0.9782608695652174, 0.9183673469387755, 0.94, 0.9375, 0.9387755102040817, 0.9791666666666666, 0.9545454545454546, 0.9038461538461539, 0.9574468085106383, 0.9215686274509803, 0.8867924528301887, 0.9782608695652174, 0.94, 0.9545454545454546, 0.9591836734693877, 0.92, 0.9387755102040817, 0.9375, 0.9787234042553191, 0.9387755102040817, 0.9583333333333334, 0.9183673469387755, 0.92, 0.8627450980392157, 1.0, 0.9795918367346939, 0.9230769230769231, 0.9019607843137255, 0.9565217391304348, 0.9591836734693877, 0.9347826086956522, 0.9375, 0.8653846153846154, 0.9791666666666666, 0.9782608695652174, 0.9782608695652174, 0.9361702127659575, 0.9787234042553191, 0.9166666666666666, 0.9591836734693877, 0.8979591836734694, 0.9787234042553191, 0.9019607843137255, 0.96, 0.8679245283018868, 0.96, 1.0, 0.9782608695652174, 0.9534883720930233, 0.9019607843137255, 0.8392857142857143, 0.9574468085106383, 0.9038461538461539, 0.9361702127659575, 0.9038461538461539, 0.9787234042553191, 0.94, 0.9375, 0.9787234042553191, 0.9791666666666666, 0.9545454545454546, 0.9583333333333334, 0.94, 0.9183673469387755, 0.8846153846153846, 0.9574468085106383, 0.9795918367346939, 0.9387755102040817, 0.9787234042553191, 1.0, 0.9574468085106383, 0.9387755102040817, 0.9583333333333334, 0.8958333333333334, 0.9166666666666666, 1.0, 0.9387755102040817, 0.9782608695652174, 0.8867924528301887, 0.94, 1.0, 0.9545454545454546, 0.9387755102040817, 0.8703703703703703, 0.9565217391304348], "mean": [0.943657517577497]}}, "type": "classifier", "name": "MLPClassifier", "dataset_name": "ENRON", "label": "MLPClassifier"}