{"scores": {"recall_score": {"std": [0.026967447153111314], "values": [1.0, 1.0, 0.91666666666666663, 0.9375, 1.0, 0.91666666666666663, 0.9375, 0.97916666666666663, 0.95833333333333337, 0.97916666666666663, 0.97959183673469385, 0.9375, 0.95833333333333337, 0.95833333333333337, 0.97916666666666663, 0.95833333333333337, 0.95833333333333337, 1.0, 0.9375, 0.95833333333333337, 1.0, 0.875, 0.97916666666666663, 0.95833333333333337, 0.97916666666666663, 1.0, 0.97916666666666663, 0.97916666666666663, 0.89583333333333337, 0.97916666666666663, 0.93877551020408168, 0.95833333333333337, 0.95833333333333337, 0.95833333333333337, 0.97916666666666663, 0.95833333333333337, 0.95833333333333337, 0.97916666666666663, 0.9375, 0.95833333333333337, 0.97959183673469385, 1.0, 0.95833333333333337, 0.9375, 0.97916666666666663, 0.9375, 0.9375, 0.95833333333333337, 0.97916666666666663, 0.95833333333333337, 0.91836734693877553, 0.97916666666666663, 0.97916666666666663, 0.91666666666666663, 0.97916666666666663, 0.9375, 0.95833333333333337, 0.95833333333333337, 1.0, 0.95833333333333337, 0.97959183673469385, 0.95833333333333337, 0.95833333333333337, 0.85416666666666663, 0.97916666666666663, 0.97916666666666663, 0.9375, 1.0, 0.95833333333333337, 0.97916666666666663, 0.95918367346938771, 0.97916666666666663, 0.95833333333333337, 0.95833333333333337, 1.0, 0.91666666666666663, 0.95833333333333337, 0.97916666666666663, 0.95833333333333337, 0.95833333333333337, 0.93877551020408168, 1.0, 0.95833333333333337, 0.95833333333333337, 0.97916666666666663, 0.9375, 0.95833333333333337, 0.95833333333333337, 0.95833333333333337, 0.97916666666666663, 0.97959183673469385, 0.95833333333333337, 0.95833333333333337, 1.0, 0.97916666666666663, 0.95833333333333337, 0.89583333333333337, 0.97916666666666663, 0.97916666666666663, 0.9375], "mean": [0.96131802721088444]}, "precision_score": {"std": [0.014187051077679261], "values": [1.0, 0.97959183673469385, 1.0, 0.97826086956521741, 0.97959183673469385, 1.0, 0.97826086956521741, 1.0, 1.0, 1.0, 1.0, 1.0, 1.0, 1.0, 1.0, 1.0, 0.95833333333333337, 1.0, 0.97826086956521741, 0.97872340425531912, 1.0, 0.97674418604651159, 0.93999999999999995, 1.0, 0.97916666666666663, 1.0, 1.0, 1.0, 0.97727272727272729, 0.97916666666666663, 1.0, 0.97872340425531912, 0.97872340425531912, 1.0, 0.97916666666666663, 1.0, 0.95833333333333337, 1.0, 1.0, 1.0, 0.97959183673469385, 1.0, 1.0, 0.97826086956521741, 1.0, 1.0, 1.0, 0.97872340425531912, 1.0, 0.97872340425531912, 1.0, 0.97916666666666663, 1.0, 1.0, 1.0, 0.97826086956521741, 1.0, 0.95833333333333337, 1.0, 1.0, 1.0, 1.0, 1.0, 1.0, 0.95918367346938771, 0.93999999999999995, 0.97826086956521741, 0.97959183673469385, 1.0, 1.0, 1.0, 1.0, 1.0, 1.0, 1.0, 0.97777777777777775, 1.0, 0.97916666666666663, 0.95833333333333337, 1.0, 0.97872340425531912, 1.0, 0.97872340425531912, 1.0, 1.0, 1.0, 1.0, 0.97872340425531912, 1.0, 1.0, 1.0, 1.0, 1.0, 0.97959183673469385, 1.0, 1.0, 0.97727272727272729, 0.97916666666666663, 1.0, 0.97826086956521741], "mean": [0.99032156929845028]}}, "type": "classifier", "name": "RandomForestClassifier", "dataset_name": "ENRON", "label": "RandomForestClassifier"}