{"scores": {"recall_score": {"std": [0.01806115872072973], "values": [0.81007751937984496, 0.80038759689922478, 0.81976744186046513, 0.76744186046511631, 0.80232558139534882, 0.80620155038759689, 0.82558139534883723, 0.84271844660194173, 0.81553398058252424, 0.7941747572815534, 0.81395348837209303, 0.79844961240310075, 0.78682170542635654, 0.77713178294573648, 0.80813953488372092, 0.80426356589147285, 0.81201550387596899, 0.80388349514563107, 0.82912621359223304, 0.77669902912621358, 0.79069767441860461, 0.79263565891472865, 0.79457364341085268, 0.79651162790697672, 0.81782945736434109, 0.79069767441860461, 0.81007751937984496, 0.79223300970873789, 0.80582524271844658, 0.82718446601941753, 0.82170542635658916, 0.81976744186046513, 0.80426356589147285, 0.83139534883720934, 0.79457364341085268, 0.77906976744186052, 0.80232558139534882, 0.77475728155339807, 0.82718446601941753, 0.79029126213592238, 0.82558139534883723, 0.8236434108527132, 0.79263565891472865, 0.80620155038759689, 0.82558139534883723, 0.82170542635658916, 0.84108527131782951, 0.80582524271844658, 0.80194174757281556, 0.80582524271844658, 0.76744186046511631, 0.84302325581395354, 0.81782945736434109, 0.79651162790697672, 0.77906976744186052, 0.84883720930232553, 0.80620155038759689, 0.81747572815533975, 0.78446601941747574, 0.80582524271844658, 0.81201550387596899, 0.83914728682170547, 0.80038759689922478, 0.83720930232558144, 0.81589147286821706, 0.80232558139534882, 0.79844961240310075, 0.80000000000000004, 0.81747572815533975, 0.80388349514563107, 0.79651162790697672, 0.80620155038759689, 0.80620155038759689, 0.78682170542635654, 0.78488372093023251, 0.82558139534883723, 0.77519379844961245, 0.79805825242718442, 0.80970873786407771, 0.82135922330097089, 0.82751937984496127, 0.81007751937984496, 0.80232558139534882, 0.75387596899224807, 0.79457364341085268, 0.79069767441860461, 0.81201550387596899, 0.81165048543689322, 0.77087378640776694, 0.7941747572815534, 0.81782945736434109, 0.81201550387596899, 0.81395348837209303, 0.80038759689922478, 0.79069767441860461, 0.79651162790697672, 0.82751937984496127, 0.8233009708737864, 0.80000000000000004, 0.78446601941747574], "mean": [0.80546775043275376]}, "precision_score": {"std": [0.01229868825959155], "values": [0.72949389179755675, 0.74147217235188512, 0.75, 0.75572519083969469, 0.75272727272727269, 0.738898756660746, 0.74475524475524479, 0.74570446735395191, 0.73043478260869565, 0.76448598130841117, 0.72041166380789023, 0.75596330275229362, 0.74632352941176472, 0.72776769509981853, 0.75270758122743686, 0.74909747292418771, 0.74028268551236753, 0.74594594594594599, 0.75843694493783309, 0.73664825046040516, 0.77419354838709675, 0.73960216998191686, 0.72953736654804269, 0.72105263157894739, 0.73010380622837368, 0.75415896487985212, 0.76277372262773724, 0.74316939890710387, 0.72934973637961331, 0.74736842105263157, 0.73611111111111116, 0.74734982332155475, 0.74640287769784175, 0.73584905660377353, 0.75367647058823528, 0.72958257713248642, 0.73274336283185837, 0.7585551330798479, 0.73702422145328716, 0.75510204081632648, 0.75, 0.73024054982817865, 0.73826714801444049, 0.738898756660746, 0.72945205479452058, 0.73867595818815335, 0.75874125874125875, 0.76709796672828101, 0.73750000000000004, 0.77137546468401486, 0.72527472527472525, 0.73604060913705582, 0.73905429071803852, 0.76536312849162014, 0.74860335195530725, 0.73986486486486491, 0.7441860465116279, 0.73859649122807014, 0.73321234119782219, 0.74506283662477557, 0.7549549549549549, 0.76501766784452296, 0.75641025641025639, 0.74226804123711343, 0.73472949389179754, 0.74326750448833034, 0.75596330275229362, 0.73703041144901615, 0.73730297723292471, 0.7162629757785467, 0.7696629213483146, 0.73239436619718312, 0.73498233215547704, 0.73417721518987344, 0.7458563535911602, 0.74475524475524479, 0.73394495412844041, 0.76536312849162014, 0.72648083623693382, 0.74471830985915488, 0.74131944444444442, 0.76277372262773724, 0.73015873015873012, 0.75096525096525102, 0.74954296160877509, 0.74588665447897629, 0.73123909249563701, 0.72822299651567945, 0.74484052532833023, 0.73960216998191686, 0.72508591065292094, 0.7325174825174825, 0.74600355239786853, 0.75227686703096541, 0.73646209386281591, 0.74187725631768953, 0.74003466204506063, 0.73996509598603843, 0.73835125448028671, 0.7695238095238095], "mean": [0.7434868989874811]}}, "type": "classifier", "name": "RandomForestClassifier", "dataset_name": "INFO1", "label": "RandomForestClassifier"}