{"scores": {"recall_score": {"std": [0.040048832254473241], "values": [0.84302325581395354, 0.91666666666666663, 0.90116279069767447, 0.9205426356589147, 0.90503875968992253, 0.91860465116279066, 0.8352713178294574, 0.89514563106796119, 0.8233009708737864, 0.93786407766990287, 0.80620155038759689, 0.92248062015503873, 0.91666666666666663, 0.90503875968992253, 0.8236434108527132, 0.85658914728682167, 0.89922480620155043, 0.94951456310679616, 0.83495145631067957, 0.92038834951456305, 0.89922480620155043, 0.91666666666666663, 0.92441860465116277, 0.8527131782945736, 0.91666666666666663, 0.86627906976744184, 0.86627906976744184, 0.94174757281553401, 0.86019417475728155, 0.92038834951456305, 0.86434108527131781, 0.88565891472868219, 0.87403100775193798, 0.93604651162790697, 0.82558139534883723, 0.91085271317829453, 0.81976744186046513, 0.87766990291262137, 0.91650485436893203, 0.87961165048543688, 0.88372093023255816, 0.91279069767441856, 0.93023255813953487, 0.77519379844961245, 0.91085271317829453, 0.93604651162790697, 0.9031007751937985, 0.90485436893203886, 0.90485436893203886, 0.91262135922330101, 0.91085271317829453, 0.87209302325581395, 0.89922480620155043, 0.83333333333333337, 0.92441860465116277, 0.88953488372093026, 0.89922480620155043, 0.90485436893203886, 0.93592233009708736, 0.85631067961165053, 0.87209302325581395, 0.85077519379844957, 0.81007751937984496, 0.93992248062015504, 0.87015503875968991, 0.85852713178294571, 0.77713178294573648, 0.93786407766990287, 0.90485436893203886, 0.95145631067961167, 0.8972868217054264, 0.82558139534883723, 0.95155038759689925, 0.9031007751937985, 0.91666666666666663, 0.81976744186046513, 0.87596899224806202, 0.89514563106796119, 0.92427184466019419, 0.87184466019417473, 0.9147286821705426, 0.91860465116279066, 0.86627906976744184, 0.83720930232558144, 0.8352713178294574, 0.93410852713178294, 0.88953488372093026, 0.84466019417475724, 0.9262135922330097, 0.88349514563106801, 0.89922480620155043, 0.86240310077519378, 0.9147286821705426, 0.90116279069767447, 0.81201550387596899, 0.94767441860465118, 0.9031007751937985, 0.86019417475728155, 0.85436893203883491, 0.89126213592233006], "mean": [0.88736283585459463]}, "precision_score": {"std": [0.0088041713046411035], "values": [0.12236286919831224, 0.10828754578754579, 0.099168266154830459, 0.1106968072710324, 0.11539411910056832, 0.10329047722815428, 0.10952986022871665, 0.10258121940364931, 0.11813875731401505, 0.11861493123772102, 0.13106490233144297, 0.1037037037037037, 0.12269779507133592, 0.10921421889616464, 0.13966480446927373, 0.10878661087866109, 0.10728323699421966, 0.092789373814041745, 0.12352772191898879, 0.11646191646191646, 0.10581527936145953, 0.11261904761904762, 0.12221368178324366, 0.11542497376705142, 0.10799086757990868, 0.10794494083554697, 0.11250943871130129, 0.11352996254681648, 0.10613320555821754, 0.10426748790145182, 0.1177091580892056, 0.1087836229469174, 0.11797018048652891, 0.10230883287439102, 0.12071408330971947, 0.11895722601872943, 0.1233955659276546, 0.12130971551261406, 0.11267605633802817, 0.11821503131524008, 0.11417125688532799, 0.10795324318129727, 0.09997917100604041, 0.11827321111768184, 0.10012782275244994, 0.12740701661830653, 0.11540366518078257, 0.11726220432813286, 0.11851475076297049, 0.10068551842330763, 0.10400531090949325, 0.10838150289017341, 0.11264870114105366, 0.11668928086838534, 0.11252653927813164, 0.12669058791057136, 0.10364083091355819, 0.10502591841334234, 0.11240671641791045, 0.11290322580645161, 0.11873350923482849, 0.11675531914893617, 0.12140575079872204, 0.11692381870781099, 0.10512760477639897, 0.11364802462801436, 0.12085593731163351, 0.094891944990176821, 0.12486602357984995, 0.10449989336745574, 0.095208718897799707, 0.10953972743635897, 0.10727550797465589, 0.10678276810265812, 0.10665163472378805, 0.12397420867526378, 0.10941660614863229, 0.11539424280350438, 0.10138445154419595, 0.12662154540327128, 0.12139917695473251, 0.11356013416387159, 0.11047948591201186, 0.10611643330876934, 0.11982207395051432, 0.12227295788939624, 0.1016386182462356, 0.11456412957598104, 0.10915331807780321, 0.11231794618612688, 0.10218013653380313, 0.10187728937728938, 0.11198102016607354, 0.12820512820512819, 0.13048894425412644, 0.096051856216853276, 0.11503332510491236, 0.11857601713062098, 0.11467292155329685, 0.10263864042933811], "mean": [0.11261430762243578]}}, "type": "classifier", "name": "SGDClassifier", "dataset_name": "INFO1", "label": "SGDClassifier"}