{"scores": {"recall_score": {"std": [0.01481747363928829], "values": [0.7653543307086614, 0.784251968503937, 0.8062992125984252, 0.8012618296529969, 0.7870662460567823, 0.7760252365930599, 0.7791798107255521, 0.7602523659305994, 0.7712933753943217, 0.7649842271293376, 0.7732283464566929, 0.7889763779527559, 0.7779527559055118, 0.7933753943217665, 0.7823343848580442, 0.7744479495268138, 0.777602523659306, 0.7728706624605678, 0.7634069400630915, 0.750788643533123, 0.7653543307086614, 0.7637795275590551, 0.7811023622047244, 0.7649842271293376, 0.8012618296529969, 0.777602523659306, 0.7634069400630915, 0.804416403785489, 0.7681388012618297, 0.8154574132492114, 0.7716535433070866, 0.7748031496062993, 0.7590551181102362, 0.7728706624605678, 0.7712933753943217, 0.8012618296529969, 0.7917981072555205, 0.7933753943217665, 0.7902208201892744, 0.7949526813880127, 0.7858267716535433, 0.784251968503937, 0.7889763779527559, 0.7697160883280757, 0.7981072555205048, 0.7665615141955836, 0.7854889589905363, 0.7634069400630915, 0.7760252365930599, 0.7823343848580442, 0.7763779527559055, 0.8078740157480315, 0.7795275590551181, 0.7886435331230284, 0.7823343848580442, 0.7618296529968455, 0.7902208201892744, 0.7697160883280757, 0.7902208201892744, 0.7807570977917981, 0.7622047244094489, 0.752755905511811, 0.7811023622047244, 0.777602523659306, 0.8170347003154574, 0.7902208201892744, 0.7981072555205048, 0.7902208201892744, 0.7839116719242902, 0.7760252365930599, 0.8204724409448819, 0.7889763779527559, 0.7716535433070866, 0.7933753943217665, 0.7870662460567823, 0.7823343848580442, 0.7618296529968455, 0.7791798107255521, 0.7618296529968455, 0.7728706624605678, 0.7874015748031497, 0.7858267716535433, 0.7716535433070866, 0.7854889589905363, 0.7870662460567823, 0.7886435331230284, 0.7681388012618297, 0.7381703470031545, 0.7854889589905363, 0.7823343848580442, 0.7937007874015748, 0.7622047244094489, 0.7874015748031497, 0.7634069400630915, 0.7523659305993691, 0.7712933753943217, 0.7949526813880127, 0.7744479495268138, 0.7949526813880127, 0.7996845425867508], "mean": [0.7802933753943216]}, "precision_score": {"std": [0.014215125105689449], "values": [0.7813504823151125, 0.778125, 0.750733137829912, 0.7673716012084593, 0.7414561664190193, 0.7711598746081505, 0.76, 0.765079365079365, 0.7761904761904762, 0.7649842271293376, 0.7756714060031595, 0.7672281776416539, 0.7828843106180665, 0.7529940119760479, 0.786053882725832, 0.7720125786163522, 0.7715179968701096, 0.7596899224806202, 0.7202380952380952, 0.7603833865814696, 0.75, 0.7860615883306321, 0.7666151468315301, 0.768621236133122, 0.7604790419161677, 0.7526717557251908, 0.764612954186414, 0.7750759878419453, 0.785483870967742, 0.772795216741405, 0.7692307692307693, 0.7604327666151468, 0.7774193548387097, 0.7852564102564102, 0.7342342342342343, 0.7650602409638554, 0.7606060606060606, 0.7714723926380368, 0.756797583081571, 0.7801857585139319, 0.7809076682316118, 0.7697063369397218, 0.7444279346210996, 0.7672955974842768, 0.7918622848200313, 0.7751196172248804, 0.7638036809815951, 0.7538940809968847, 0.7376311844077961, 0.7458646616541353, 0.7292899408284024, 0.7656716417910447, 0.7734375, 0.764525993883792, 0.7689922480620155, 0.7594339622641509, 0.7648854961832061, 0.7507692307692307, 0.7902208201892744, 0.7710280373831776, 0.75625, 0.7722132471728594, 0.7619047619047619, 0.7679127725856698, 0.7540029112081513, 0.7828125, 0.7713414634146342, 0.7411242603550295, 0.7990353697749196, 0.7651632970451011, 0.7673048600883653, 0.784037558685446, 0.7585139318885449, 0.7563909774436091, 0.7821316614420063, 0.7811023622047244, 0.7535101404056163, 0.7484848484848485, 0.7642405063291139, 0.7346326836581709, 0.778816199376947, 0.7653374233128835, 0.7424242424242424, 0.7638036809815951, 0.7560606060606061, 0.7451564828614009, 0.7705696202531646, 0.7672131147540984, 0.7603053435114504, 0.7689922480620155, 0.7850467289719626, 0.7768860353130016, 0.75642965204236, 0.7682539682539683, 0.7523659305993691, 0.7616822429906542, 0.7455621301775148, 0.760061919504644, 0.7730061349693251, 0.770516717325228], "mean": [0.7648760492373845]}}, "type": "classifier", "name": "RandomForestClassifier", "dataset_name": "ENRON+INFO1+EUSES", "label": "RandomForestClassifier"}