{"scores": {"recall_score": {"std": [0.050519541353728756], "values": [0.7142857142857143, 0.5462184873949579, 0.6386554621848739, 0.6974789915966386, 0.7394957983193278, 0.6554621848739496, 0.7288135593220338, 0.5932203389830508, 0.711864406779661, 0.6610169491525424, 0.6470588235294118, 0.6974789915966386, 0.6134453781512605, 0.6890756302521008, 0.7058823529411765, 0.7226890756302521, 0.6440677966101694, 0.711864406779661, 0.6186440677966102, 0.6101694915254238, 0.6470588235294118, 0.6554621848739496, 0.6554621848739496, 0.7058823529411765, 0.7563025210084033, 0.7142857142857143, 0.6610169491525424, 0.6610169491525424, 0.6440677966101694, 0.559322033898305, 0.7058823529411765, 0.680672268907563, 0.6974789915966386, 0.6638655462184874, 0.6386554621848739, 0.6386554621848739, 0.6610169491525424, 0.6779661016949152, 0.6779661016949152, 0.5932203389830508, 0.7142857142857143, 0.7647058823529411, 0.6470588235294118, 0.6050420168067226, 0.6890756302521008, 0.7394957983193278, 0.6610169491525424, 0.6864406779661016, 0.576271186440678, 0.6016949152542372, 0.6974789915966386, 0.6890756302521008, 0.6302521008403361, 0.6470588235294118, 0.6050420168067226, 0.680672268907563, 0.6440677966101694, 0.6271186440677966, 0.6779661016949152, 0.6779661016949152, 0.6470588235294118, 0.7058823529411765, 0.7563025210084033, 0.6218487394957983, 0.5630252100840336, 0.6470588235294118, 0.711864406779661, 0.7372881355932204, 0.6271186440677966, 0.635593220338983, 0.6638655462184874, 0.6890756302521008, 0.6470588235294118, 0.7478991596638656, 0.6554621848739496, 0.5882352941176471, 0.7627118644067796, 0.711864406779661, 0.5, 0.6864406779661016, 0.7310924369747899, 0.6470588235294118, 0.7310924369747899, 0.6386554621848739, 0.5630252100840336, 0.6386554621848739, 0.7288135593220338, 0.6016949152542372, 0.6864406779661016, 0.6271186440677966, 0.6890756302521008, 0.6638655462184874, 0.7058823529411765, 0.6302521008403361, 0.6386554621848739, 0.6890756302521008, 0.635593220338983, 0.6694915254237288, 0.6440677966101694, 0.6271186440677966], "mean": [0.663963110667996]}, "precision_score": {"std": [0.028114567630519057], "values": [0.8762886597938144, 0.9558823529411765, 0.926829268292683, 0.9764705882352941, 0.9263157894736842, 0.9285714285714286, 0.9885057471264368, 0.958904109589041, 0.9438202247191011, 0.9629629629629629, 0.9390243902439024, 0.9431818181818182, 0.9605263157894737, 0.8817204301075269, 0.9882352941176471, 0.9555555555555556, 0.9620253164556962, 0.9130434782608695, 0.9125, 0.935064935064935, 0.9871794871794872, 0.9397590361445783, 0.975, 0.9230769230769231, 0.9473684210526315, 0.9340659340659341, 0.8764044943820225, 0.9285714285714286, 0.9620253164556962, 0.9428571428571428, 0.9882352941176471, 0.9101123595505618, 0.9222222222222223, 0.9294117647058824, 0.9620253164556962, 0.9156626506024096, 0.9629629629629629, 0.898876404494382, 0.9195402298850575, 0.9859154929577465, 0.9659090909090909, 0.9191919191919192, 0.9746835443037974, 0.972972972972973, 0.9425287356321839, 0.9361702127659575, 0.9629629629629629, 0.9642857142857143, 0.8831168831168831, 0.9342105263157895, 0.9120879120879121, 0.9534883720930233, 0.9259259259259259, 0.9166666666666666, 0.9473684210526315, 0.9642857142857143, 0.9382716049382716, 0.9367088607594937, 0.9090909090909091, 0.9523809523809523, 0.8953488372093024, 0.9438202247191011, 0.967741935483871, 0.9367088607594937, 0.9178082191780822, 0.9390243902439024, 0.9130434782608695, 0.9666666666666667, 0.9367088607594937, 0.9375, 0.9404761904761905, 0.8631578947368421, 0.9506172839506173, 0.978021978021978, 0.9176470588235294, 0.9722222222222222, 0.9375, 0.9230769230769231, 0.9076923076923077, 0.9310344827586207, 0.9775280898876404, 0.9506172839506173, 0.9157894736842105, 0.9743589743589743, 0.9178082191780822, 0.9156626506024096, 0.9662921348314607, 0.9466666666666667, 0.8901098901098901, 0.9024390243902439, 0.9318181818181818, 0.9753086419753086, 0.9333333333333333, 0.9868421052631579, 0.926829268292683, 0.9879518072289156, 0.9259259259259259, 0.9080459770114943, 0.9156626506024096, 0.9487179487179487], "mean": [0.9393253551183178]}}, "type": "classifier", "name": "RandomForestClassifier", "dataset_name": "ENRON+EUSES", "label": "RandomForestClassifier"}