{"scores": {"recall_score": {"std": [0.014976678634791225], "values": [0.9308510638297872, 0.9202127659574468, 0.9202127659574468, 0.8776595744680851, 0.8971631205673759, 0.8847517730496454, 0.9095744680851063, 0.898936170212766, 0.9200710479573713, 0.8952042628774423, 0.9273049645390071, 0.9131205673758865, 0.9308510638297872, 0.9219858156028369, 0.9148936170212766, 0.9131205673758865, 0.8918439716312057, 0.8918439716312057, 0.9005328596802842, 0.8792184724689165, 0.8900709219858156, 0.9042553191489362, 0.9148936170212766, 0.9113475177304965, 0.9024822695035462, 0.8900709219858156, 0.9078014184397163, 0.9273049645390071, 0.8845470692717584, 0.91651865008881, 0.8953900709219859, 0.8971631205673759, 0.9166666666666666, 0.8971631205673759, 0.9219858156028369, 0.8918439716312057, 0.925531914893617, 0.8865248226950354, 0.9342806394316163, 0.9378330373001776, 0.9078014184397163, 0.8936170212765957, 0.8953900709219859, 0.9184397163120568, 0.925531914893617, 0.9166666666666666, 0.9290780141843972, 0.9078014184397163, 0.91651865008881, 0.8987566607460036, 0.8829787234042553, 0.9148936170212766, 0.8971631205673759, 0.8936170212765957, 0.9131205673758865, 0.8918439716312057, 0.9042553191489362, 0.9113475177304965, 0.9218472468916519, 0.8827708703374778, 0.8847517730496454, 0.9343971631205674, 0.8936170212765957, 0.8936170212765957, 0.9024822695035462, 0.898936170212766, 0.9361702127659575, 0.9166666666666666, 0.8898756660746003, 0.9005328596802842, 0.9202127659574468, 0.9219858156028369, 0.9024822695035462, 0.9060283687943262, 0.9042553191489362, 0.9184397163120568, 0.8794326241134752, 0.8971631205673759, 0.8934280639431617, 0.9076376554174067, 0.9290780141843972, 0.9202127659574468, 0.9237588652482269, 0.9113475177304965, 0.9131205673758865, 0.898936170212766, 0.900709219858156, 0.9273049645390071, 0.9289520426287744, 0.8916518650088809, 0.9131205673758865, 0.8971631205673759, 0.8847517730496454, 0.9095744680851063, 0.8900709219858156, 0.898936170212766, 0.9290780141843972, 0.9024822695035462, 0.8987566607460036, 0.9182948490230906], "mean": [0.9070588161193202]}, "precision_score": {"std": [0.013305580495987599], "values": [0.7619738751814223, 0.7899543378995434, 0.7609970674486803, 0.7734375, 0.7893915756630265, 0.783359497645212, 0.7856049004594181, 0.7776073619631901, 0.7606461086637298, 0.7671232876712328, 0.7888386123680241, 0.7551319648093842, 0.7766272189349113, 0.7831325301204819, 0.7794561933534743, 0.7826747720364742, 0.7667682926829268, 0.7656012176560122, 0.7681818181818182, 0.7746478873239436, 0.7905511811023622, 0.7646176911544228, 0.7938461538461539, 0.7514619883040936, 0.7441520467836257, 0.7699386503067485, 0.7769347496206374, 0.7771173848439822, 0.7993579454253612, 0.7806354009077155, 0.7769230769230769, 0.7655068078668684, 0.775112443778111, 0.7620481927710844, 0.790273556231003, 0.7714723926380368, 0.7909090909090909, 0.7656967840735069, 0.7678832116788321, 0.7810650887573964, 0.745269286754003, 0.7718223583460949, 0.792778649921507, 0.7848484848484848, 0.7733333333333333, 0.7786144578313253, 0.7927382753403933, 0.7804878048780488, 0.7782805429864253, 0.7643504531722054, 0.7649769585253456, 0.7830045523520486, 0.7643504531722054, 0.7801857585139319, 0.7584683357879234, 0.7971473851030111, 0.7657657657657657, 0.7706146926536732, 0.7804511278195488, 0.7777777777777778, 0.7724458204334366, 0.7727272727272727, 0.7838258164852255, 0.7801857585139319, 0.7806748466257669, 0.770516717325228, 0.760806916426513, 0.786910197869102, 0.7755417956656346, 0.760119940029985, 0.7851739788199698, 0.7951070336391437, 0.7806748466257669, 0.7777777777777778, 0.7906976744186046, 0.7551020408163265, 0.797427652733119, 0.7507418397626113, 0.7586726998491704, 0.7570370370370371, 0.7572254335260116, 0.7543604651162791, 0.799079754601227, 0.77526395173454, 0.7996894409937888, 0.7946708463949843, 0.7708649468892261, 0.7948328267477204, 0.7936267071320182, 0.7470238095238095, 0.7551319648093842, 0.7820710973724884, 0.7772585669781932, 0.7844036697247706, 0.7640791476407914, 0.776416539050536, 0.7820895522388059, 0.7642642642642643, 0.7943485086342229, 0.7682020802377415], "mean": [0.7751899755006052]}}, "type": "classifier", "name": "RandomForestClassifier", "dataset_name": "ENRON+INFO1", "label": "RandomForestClassifier"}