{"scores": {"recall_score": {"std": [0.01725561681322939], "values": [0.7700170357751278, 0.778534923339012, 0.7525597269624573, 0.7474402730375427, 0.7986348122866894, 0.7627986348122867, 0.7491467576791809, 0.7849829351535836, 0.764505119453925, 0.757679180887372, 0.7495741056218058, 0.737649063032368, 0.7781569965870307, 0.7662116040955631, 0.7593856655290102, 0.7491467576791809, 0.7747440273037542, 0.7593856655290102, 0.7832764505119454, 0.7406143344709898, 0.7649063032367973, 0.7649063032367973, 0.757679180887372, 0.7815699658703071, 0.7935153583617748, 0.757679180887372, 0.7610921501706485, 0.7815699658703071, 0.7286689419795221, 0.7832764505119454, 0.8126064735945485, 0.7614991482112436, 0.7525597269624573, 0.7832764505119454, 0.757679180887372, 0.7508532423208191, 0.764505119453925, 0.7440273037542662, 0.8139931740614335, 0.742320819112628, 0.7529812606473595, 0.7666098807495741, 0.7457337883959044, 0.7406143344709898, 0.7593856655290102, 0.7764505119453925, 0.7815699658703071, 0.7815699658703071, 0.7457337883959044, 0.7679180887372014, 0.7632027257240205, 0.7546848381601363, 0.7849829351535836, 0.7372013651877133, 0.7474402730375427, 0.757679180887372, 0.7679180887372014, 0.7662116040955631, 0.764505119453925, 0.7764505119453925, 0.75809199318569, 0.7734241908006815, 0.7798634812286689, 0.7866894197952219, 0.7696245733788396, 0.7764505119453925, 0.757679180887372, 0.726962457337884, 0.757679180887372, 0.7832764505119454, 0.7853492333901193, 0.7444633730834753, 0.7610921501706485, 0.7525597269624573, 0.7593856655290102, 0.7696245733788396, 0.7662116040955631, 0.7849829351535836, 0.7491467576791809, 0.78839590443686, 0.787052810902896, 0.7291311754684838, 0.7627986348122867, 0.7832764505119454, 0.764505119453925, 0.7798634812286689, 0.7440273037542662, 0.7662116040955631, 0.7474402730375427, 0.7457337883959044, 0.7546848381601363, 0.7427597955706985, 0.7747440273037542, 0.7918088737201365, 0.7798634812286689, 0.764505119453925, 0.7474402730375427, 0.773037542662116, 0.7832764505119454, 0.7457337883959044], "mean": [0.7646032059817083]}, "precision_score": {"std": [0.016078625653938288], "values": [0.7483443708609272, 0.7654941373534339, 0.7313432835820896, 0.7386172006745363, 0.7572815533980582, 0.7268292682926829, 0.7465986394557823, 0.7443365695792881, 0.740495867768595, 0.7641996557659209, 0.738255033557047, 0.7289562289562289, 0.7342995169082126, 0.7372742200328407, 0.7466442953020134, 0.7453310696095077, 0.7566666666666667, 0.7672413793103449, 0.7806122448979592, 0.7343485617597293, 0.7138314785373608, 0.7623089983022071, 0.751269035532995, 0.7646076794657763, 0.7428115015974441, 0.736318407960199, 0.7508417508417509, 0.7520525451559934, 0.7584369449378331, 0.7274167987321711, 0.7607655502392344, 0.7351973684210527, 0.7374581939799331, 0.7239747634069401, 0.7058823529411765, 0.7638888888888888, 0.7619047619047619, 0.7609075043630017, 0.7619808306709265, 0.7538994800693241, 0.7257799671592775, 0.7692307692307693, 0.7259136212624585, 0.7368421052631579, 0.7283142389525368, 0.7764505119453925, 0.7328, 0.731629392971246, 0.7775800711743772, 0.7627118644067796, 0.7832167832167832, 0.7334437086092715, 0.7628524046434494, 0.7309644670050761, 0.7373737373737373, 0.7437185929648241, 0.7575757575757576, 0.7277147487844409, 0.7417218543046358, 0.7583333333333333, 0.7453936348408711, 0.7566666666666667, 0.7772108843537415, 0.7387820512820513, 0.739344262295082, 0.7508250825082509, 0.7628865979381443, 0.7513227513227513, 0.7387687188019967, 0.7367576243980738, 0.7532679738562091, 0.7319932998324958, 0.7521079258010118, 0.7205882352941176, 0.7343234323432343, 0.7670068027210885, 0.7508361204013378, 0.759075907590759, 0.756896551724138, 0.7586206896551724, 0.7586206896551724, 0.7133333333333334, 0.7256493506493507, 0.7688442211055276, 0.7491638795986622, 0.7430894308943089, 0.7582608695652174, 0.7662116040955631, 0.7487179487179487, 0.7626527050610821, 0.7598627787307033, 0.7389830508474576, 0.7430441898527005, 0.7204968944099379, 0.7516447368421053, 0.7791304347826087, 0.7361344537815127, 0.755, 0.7611940298507462, 0.7508591065292096], "mean": [0.7477666145178845]}}, "type": "classifier", "name": "RandomForestClassifier", "dataset_name": "INFO1+EUSES", "label": "RandomForestClassifier"}