{"scores": {"recall_score": {"std": [0.027294860057471323], "values": [1.0, 0.97916666666666663, 0.89583333333333337, 0.9375, 1.0, 0.89583333333333337, 0.95833333333333337, 0.97916666666666663, 0.95833333333333337, 0.95833333333333337, 0.97959183673469385, 0.9375, 0.95833333333333337, 0.95833333333333337, 0.95833333333333337, 0.9375, 0.95833333333333337, 0.97916666666666663, 0.9375, 0.95833333333333337, 0.95918367346938771, 0.875, 0.97916666666666663, 0.95833333333333337, 0.97916666666666663, 0.97916666666666663, 0.95833333333333337, 0.97916666666666663, 0.91666666666666663, 0.97916666666666663, 0.93877551020408168, 0.95833333333333337, 0.9375, 0.9375, 0.97916666666666663, 0.95833333333333337, 0.97916666666666663, 0.95833333333333337, 0.9375, 0.91666666666666663, 0.97959183673469385, 1.0, 0.95833333333333337, 0.9375, 0.95833333333333337, 0.9375, 0.9375, 0.9375, 0.97916666666666663, 0.9375, 0.91836734693877553, 0.9375, 0.97916666666666663, 0.91666666666666663, 0.97916666666666663, 0.89583333333333337, 0.97916666666666663, 0.95833333333333337, 1.0, 0.95833333333333337, 0.97959183673469385, 0.95833333333333337, 0.95833333333333337, 0.85416666666666663, 0.97916666666666663, 0.97916666666666663, 0.91666666666666663, 0.97916666666666663, 0.9375, 0.97916666666666663, 0.95918367346938771, 0.97916666666666663, 0.9375, 0.95833333333333337, 0.95833333333333337, 0.89583333333333337, 0.95833333333333337, 0.97916666666666663, 0.97916666666666663, 0.95833333333333337, 0.91836734693877553, 1.0, 0.95833333333333337, 0.95833333333333337, 0.97916666666666663, 0.9375, 0.95833333333333337, 0.95833333333333337, 0.95833333333333337, 0.9375, 0.97959183673469385, 0.95833333333333337, 0.95833333333333337, 0.95833333333333337, 0.97916666666666663, 0.95833333333333337, 0.91666666666666663, 0.95833333333333337, 0.97916666666666663, 0.91666666666666663], "mean": [0.954872448979592]}, "precision_score": {"std": [0.033330996216464404], "values": [0.97999999999999998, 0.8867924528301887, 0.9555555555555556, 0.97826086956521741, 0.94117647058823528, 0.91489361702127658, 0.93877551020408168, 0.92156862745098034, 0.93877551020408168, 0.93877551020408168, 0.94117647058823528, 0.91836734693877553, 0.95833333333333337, 0.97872340425531912, 0.93877551020408168, 0.95744680851063835, 0.90196078431372551, 0.93999999999999995, 0.9375, 0.86792452830188682, 0.95918367346938771, 0.93333333333333335, 0.8867924528301887, 0.92000000000000004, 0.93999999999999995, 0.97916666666666663, 0.92000000000000004, 0.93999999999999995, 0.93617021276595747, 0.92156862745098034, 0.88461538461538458, 0.93877551020408168, 0.95744680851063835, 0.97826086956521741, 0.92156862745098034, 0.97872340425531912, 0.95918367346938771, 0.93877551020408168, 0.90000000000000002, 0.89795918367346939, 0.95999999999999996, 0.87272727272727268, 0.92000000000000004, 0.9375, 0.95833333333333337, 0.9375, 1.0, 0.86538461538461542, 0.93999999999999995, 0.95744680851063835, 0.9375, 0.9375, 0.93999999999999995, 0.91666666666666663, 0.92156862745098034, 0.91489361702127658, 0.95918367346938771, 0.88461538461538458, 0.97959183673469385, 0.95833333333333337, 0.97959183673469385, 0.97872340425531912, 0.93877551020408168, 0.93181818181818177, 0.87037037037037035, 0.87037037037037035, 0.95652173913043481, 0.95918367346938771, 0.91836734693877553, 0.90384615384615385, 0.95918367346938771, 0.90384615384615385, 0.88235294117647056, 1.0, 0.97872340425531912, 0.9555555555555556, 1.0, 0.87037037037037035, 0.92156862745098034, 0.95833333333333337, 0.95744680851063835, 0.94117647058823528, 0.93877551020408168, 0.92000000000000004, 0.95918367346938771, 0.91836734693877553, 1.0, 0.93877551020408168, 0.95833333333333337, 0.86538461538461542, 0.92307692307692313, 0.97872340425531912, 0.97872340425531912, 0.92000000000000004, 0.90384615384615385, 0.97872340425531912, 0.89795918367346939, 0.97872340425531912, 0.97916666666666663, 0.93617021276595747], "mean": [0.93735110090061302]}}, "type": "classifier", "name": "KNeighborsClassifier", "dataset_name": "ENRON", "label": "KNeighborsClassifier"}