{"scores": {"recall_score": {"std": [0.024503977434426834], "values": [1.0, 1.0, 0.9166666666666666, 0.9583333333333334, 1.0, 0.9375, 0.9583333333333334, 0.9791666666666666, 0.9791666666666666, 0.9791666666666666, 0.9795918367346939, 0.9791666666666666, 0.9583333333333334, 0.9583333333333334, 0.9791666666666666, 0.9791666666666666, 0.9583333333333334, 1.0, 0.9375, 0.9791666666666666, 1.0, 0.9166666666666666, 1.0, 0.9791666666666666, 0.9791666666666666, 1.0, 0.9791666666666666, 0.9791666666666666, 0.8958333333333334, 0.9791666666666666, 0.9387755102040817, 0.9583333333333334, 0.9791666666666666, 0.9583333333333334, 1.0, 0.9791666666666666, 0.9583333333333334, 0.9791666666666666, 0.9583333333333334, 0.9583333333333334, 0.9795918367346939, 1.0, 0.9583333333333334, 0.9583333333333334, 0.9791666666666666, 0.9583333333333334, 0.9583333333333334, 0.9583333333333334, 0.9791666666666666, 0.9791666666666666, 0.9387755102040817, 1.0, 0.9791666666666666, 0.9166666666666666, 0.9791666666666666, 0.9375, 0.9583333333333334, 0.9791666666666666, 1.0, 0.9791666666666666, 1.0, 0.9583333333333334, 0.9583333333333334, 0.875, 0.9791666666666666, 1.0, 0.9583333333333334, 1.0, 0.9583333333333334, 0.9791666666666666, 0.9795918367346939, 0.9791666666666666, 0.9791666666666666, 0.9583333333333334, 1.0, 0.9166666666666666, 0.9583333333333334, 1.0, 0.9791666666666666, 0.9583333333333334, 0.9387755102040817, 1.0, 0.9583333333333334, 0.9791666666666666, 0.9791666666666666, 0.9375, 0.9791666666666666, 0.9583333333333334, 0.9791666666666666, 1.0, 1.0, 0.9791666666666666, 0.9583333333333334, 1.0, 0.9791666666666666, 0.9583333333333334, 0.9375, 0.9791666666666666, 0.9791666666666666, 0.9375], "mean": [0.9696343537414966]}, "precision_score": {"std": [0.025582696496158262], "values": [0.98, 0.9411764705882353, 1.0, 0.9787234042553191, 0.9795918367346939, 1.0, 0.8846153846153846, 1.0, 0.9791666666666666, 0.9791666666666666, 0.9795918367346939, 1.0, 0.9387755102040817, 1.0, 1.0, 1.0, 0.9787234042553191, 0.9795918367346939, 0.9183673469387755, 0.9791666666666666, 1.0, 0.9777777777777777, 0.9230769230769231, 0.9791666666666666, 0.9791666666666666, 0.9795918367346939, 0.9215686274509803, 0.9791666666666666, 0.9772727272727273, 0.94, 0.9787234042553191, 0.9787234042553191, 0.9791666666666666, 0.9787234042553191, 0.96, 0.9791666666666666, 0.9583333333333334, 0.9791666666666666, 0.9387755102040817, 0.9787234042553191, 1.0, 1.0, 0.9583333333333334, 0.9787234042553191, 1.0, 0.9787234042553191, 0.9583333333333334, 0.9787234042553191, 0.9215686274509803, 0.9791666666666666, 1.0, 0.9795918367346939, 1.0, 0.9777777777777777, 0.94, 0.9574468085106383, 1.0, 0.9591836734693877, 0.96, 0.9591836734693877, 0.9607843137254902, 1.0, 1.0, 0.9767441860465116, 0.94, 0.9411764705882353, 0.9787234042553191, 0.9795918367346939, 0.9583333333333334, 0.9791666666666666, 1.0, 0.9591836734693877, 0.94, 1.0, 1.0, 0.9777777777777777, 0.9787234042553191, 0.9795918367346939, 0.9215686274509803, 0.9787234042553191, 0.9387755102040817, 1.0, 0.9387755102040817, 0.9791666666666666, 1.0, 0.9782608695652174, 1.0, 0.9583333333333334, 1.0, 0.96, 1.0, 0.9791666666666666, 1.0, 0.9056603773584906, 1.0, 1.0, 0.9183673469387755, 0.94, 1.0, 0.9574468085106383], "mean": [0.9725374535218683]}}, "type": "classifier", "name": "KNeighborsClassifier", "dataset_name": "ENRON", "label": "KNeighborsClassifier"}