{"type": "classifier_comparision", "classifiers": {"0": {"scores": {"recall_score": {"std": [0.036563313024998156], "mean": [0.71725735681493175]}, "precision_score": {"std": [0.0033441604213924354], "mean": [0.064641333313434024]}}, "type": "classifier", "name": 0, "label": "CELL_COLUMN"}, "1": {"scores": {"recall_score": {"std": [0.0045347911701888134], "mean": [0.0095991194400541872]}, "precision_score": {"std": [0.028443654619337174], "mean": [0.063397579150285724]}}, "type": "classifier", "name": 1, "label": "CELL_DISTANCE_TO_RELATIVE_COLUMN_BOOLEAN"}, "2": {"scores": {"recall_score": {"std": [0.016405437884028901], "mean": [0.14679367050500491]}, "precision_score": {"std": [0.0059812763406142909], "mean": [0.057349538154923635]}}, "type": "classifier", "name": 2, "label": "CELL_DISTANCE_TO_RELATIVE_ROW_BOOLEAN"}, "3": {"scores": {"recall_score": {"std": [0.020688468527578621], "mean": [0.70738650560698435]}, "precision_score": {"std": [0.0011312934187623542], "mean": [0.040890391901759901]}}, "type": "classifier", "name": 3, "label": "CELL_INCOMING_AREA_REFERENCES"}, "4": {"scores": {"recall_score": {"std": [0.020853155480914393], "mean": [0.75605870399638742]}, "precision_score": {"std": [0.0009078435300854615], "mean": [0.034310811243093507]}}, "type": "classifier", "name": 4, "label": "CELL_INCOMING_CELL_REFERENCES"}, "5": {"scores": {"recall_score": {"std": [0.013813198720196823], "mean": [0.8514639873560621]}, "precision_score": {"std": [0.00063859777670261431], "mean": [0.041199982849535785]}}, "type": "classifier", "name": 5, "label": "CELL_INCOMING_REFERENCES"}, "6": {"scores": {"recall_score": {"std": [0.011743478744223256], "mean": [0.8972277037706029]}, "precision_score": {"std": [0.00039686886142060182], "mean": [0.03153384791569281]}}, "type": "classifier", "name": 6, "label": "CELL_INCOMING_REFERENCES_FROM_OTHER_WORKSHEETS"}, "7": {"scores": {"recall_score": {"std": [0.034406647625588323], "mean": [0.41378768721306541]}, "precision_score": {"std": [0.00095028571997358968], "mean": [0.024573887700778528]}}, "type": "classifier", "name": 7, "label": "CELL_ROW"}, "8": {"scores": {"recall_score": {"std": [0.02149710066489734], "mean": [0.33992556634304216]}, "precision_score": {"std": [0.002698143633109479], "mean": [0.045236651447779067]}}, "type": "classifier", "name": 8, "label": "CELL_STANDARD_DEVIATION_COLUMN"}, "9": {"scores": {"recall_score": {"std": [0.021244043929288244], "mean": [0.24335768043952732]}, "precision_score": {"std": [0.0031491852007034392], "mean": [0.037581712120532462]}}, "type": "classifier", "name": 9, "label": "CELL_STANDARD_DEVIATION_ROW"}, "10": {"scores": {"recall_score": {"std": [0.012960969005001382], "mean": [0.89478362309023851]}, "precision_score": {"std": [0.00058911560578086208], "mean": [0.041912765760290356]}}, "type": "classifier", "name": 10, "label": "CELL_SUCCESSORS"}, "11": {"scores": {"recall_score": {"std": [0.010207310517652619], "mean": [0.94615161435990069]}, "precision_score": {"std": [0.00033511012570484146], "mean": [0.032240494106871312]}}, "type": "classifier", "name": 11, "label": "CELL_SUCCESSORS_IN_OTHER_WORKSHEETS"}, "12": {"scores": {"recall_score": {"std": [0.018838191388021397], "mean": [0.71206329494995113]}, "precision_score": {"std": [0.0019161995766422649], "mean": [0.069740154996547454]}}, "type": "classifier", "name": 12, "label": "FORMULACELL_CONDITIONAL_CONSTRUCT_COMPLEXITY"}, "13": {"scores": {"recall_score": {"std": [0.012227219746040708], "mean": [0.08745363889516071]}, "precision_score": {"std": [0.0052020031320231868], "mean": [0.037653650523203283]}}, "type": "classifier", "name": 13, "label": "FORMULACELL_DISPERSION_OF_REFERENCES"}, "14": {"scores": {"recall_score": {"std": [0.027866854631176049], "mean": [0.87576002859938284]}, "precision_score": {"std": [0.00060137655555522599], "mean": [0.03448513252950821]}}, "type": "classifier", "name": 14, "label": "FORMULACELL_LONGEST_CALCULATION_CHAIN"}, "15": {"scores": {"recall_score": {"std": [0.079784548860544702], "mean": [0.62783348385640103]}, "precision_score": {"std": [0.0093413622217976295], "mean": [0.067750458689455825]}}, "type": "classifier", "name": 15, "label": "FORMULACELL_PREDECESSORS"}, "16": {"scores": {"recall_score": {"std": [0.019981186787834358], "mean": [0.69966979002032059]}, "precision_score": {"std": [0.0015488933465028563], "mean": [0.053307027432021294]}}, "type": "classifier", "name": 16, "label": "FORMULACELL_PREDECESSORS_DISTANT"}, "17": {"scores": {"recall_score": {"std": [0.00093013147324099571], "mean": [0.99941822834349381]}, "precision_score": {"std": [4.0448690146923134e-05], "mean": [0.029638306626760928]}}, "type": "classifier", "name": 17, "label": "FORMULACELL_PREDECESSORS_EMPTY"}, "18": {"scores": {"recall_score": {"std": [0.016163664931605381], "mean": [0.82047678181681338]}, "precision_score": {"std": [0.00095329422962880505], "mean": [0.047096554165039696]}}, "type": "classifier", "name": 18, "label": "FORMULACELL_PREDECESSORS_IN_DIFFERENT_COLUMNS"}, "19": {"scores": {"recall_score": {"std": [0.023884801224935779], "mean": [0.6521201926695267]}, "precision_score": {"std": [0.0020083946784961778], "mean": [0.056955417566344764]}}, "type": "classifier", "name": 19, "label": "FORMULACELL_PREDECESSORS_IN_DIFFERENT_ROWS"}, "20": {"scores": {"recall_score": {"std": [0.0064063000643449644], "mean": [0.97576055543011964]}, "precision_score": {"std": [0.00020030087271440651], "mean": [0.031108403568945054]}}, "type": "classifier", "name": 20, "label": "FORMULACELL_PREDECESSORS_IN_OTHER_WORKSHEETS"}, "21": {"scores": {"recall_score": {"std": [0.0055138996642565084], "mean": [0.97963923383758567]}, "precision_score": {"std": [0.00019152903774359757], "mean": [0.031981137492481153]}}, "type": "classifier", "name": 21, "label": "FORMULACELL_PREDECESSORS_MIDDLEMAN"}, "22": {"scores": {"recall_score": {"std": [0.016887162849791731], "mean": [0.80139681643711891]}, "precision_score": {"std": [0.00067290907693050035], "mean": [0.032972914903317163]}}, "type": "classifier", "name": 22, "label": "FORMULACELL_PREDECESSORS_REVERSE"}, "23": {"scores": {"recall_score": {"std": [0.0011689164021044013], "mean": [0.9991857078347256]}, "precision_score": {"std": [4.3156848325464107e-05], "mean": [0.029931943861017926]}}, "type": "classifier", "name": 23, "label": "FORMULACELL_RANGE_HEIGHT_GROWTH_CUMMULATIVE"}, "24": {"scores": {"recall_score": {"std": [0.00058184721009107976], "mean": [0.99980605102732001]}, "precision_score": {"std": [8.8530730811741697e-05], "mean": [0.033930836869535658]}}, "type": "classifier", "name": 24, "label": "FORMULACELL_RANGE_WIDTH_GROWTH_CUMMULATIVE"}, "25": {"scores": {"recall_score": {"std": [0.019960441014705465], "mean": [0.73862658989990204]}, "precision_score": {"std": [0.0018179571829722233], "mean": [0.067486339998602166]}}, "type": "classifier", "name": 25, "label": "FORMULACELL_REACHABILITY"}, "26": {"scores": {"recall_score": {"std": [0.13920146913316031], "mean": [0.020775795890720254]}, "precision_score": {"std": [0.056029153931022417], "mean": [0.043043339315978327]}}, "type": "classifier", "name": 26, "label": "FORMULACELL_REACHABILITY_AVERAGE"}, "27": {"scores": {"recall_score": {"std": [0.15094433899434254], "mean": [0.10306596673440202]}, "precision_score": {"std": [0.014678823179772808], "mean": [0.083394939626364545]}}, "type": "classifier", "name": 27, "label": "FORMULACELL_REFERENCES_TO_OTHER_WORKSHEETS"}, "28": {"scores": {"recall_score": {"std": [0.019891251971542553], "mean": [0.75633103785655154]}, "precision_score": {"std": [0.00090693806887136991], "mean": [0.043293105183883289]}}, "type": "classifier", "name": 28, "label": "FORMULACELL_REFERENCE_DISTANCE"}, "29": {"scores": {"recall_score": {"std": [0.013958537758825334], "mean": [0.86716997817415531]}, "precision_score": {"std": [0.0010588144566180215], "mean": [0.062610068462486554]}}, "type": "classifier", "name": 29, "label": "FORMULACELL_REFERENCE_SPREADING_COLUMN"},