{"type": "classifier_comparision", "classifiers": {"0": {"scores": {"recall_score": {"std": [0.054652076178197929], "mean": [0.71831589537223339]}, "precision_score": {"std": [0.00030214097366388753], "mean": [0.0043425455175838323]}}, "type": "classifier", "name": 0, "label": "CELL_COLUMN"}, "1": {"scores": {"recall_score": {"std": [0.041644508442992785], "mean": [0.18439839034205227]}, "precision_score": {"std": [0.0012630913653841648], "mean": [0.0055847032627262851]}}, "type": "classifier", "name": 1, "label": "CELL_DISTANCE_TO_RELATIVE_COLUMN_BOOLEAN"}, "2": {"scores": {"recall_score": {"std": [0.051131403678855943], "mean": [0.47150704225352114]}, "precision_score": {"std": [0.00067630889604158623], "mean": [0.0062441049420840378]}}, "type": "classifier", "name": 2, "label": "CELL_DISTANCE_TO_RELATIVE_ROW_BOOLEAN"}, "3": {"scores": {"recall_score": {"std": [0.052091866412175912], "mean": [0.68364788732394355]}, "precision_score": {"std": [0.00027321144244921055], "mean": [0.003555986172658311]}}, "type": "classifier", "name": 3, "label": "CELL_INCOMING_AREA_REFERENCES"}, "4": {"scores": {"recall_score": {"std": [0.16954653048367774], "mean": [0.33683702213279682]}, "precision_score": {"std": [0.0021171609942308546], "mean": [0.003400941381523896]}}, "type": "classifier", "name": 4, "label": "CELL_INCOMING_CELL_REFERENCES"}, "5": {"scores": {"recall_score": {"std": [0.062056699674334657], "mean": [0.56651307847082488]}, "precision_score": {"std": [0.00036471901877257784], "mean": [0.0035791572447555643]}}, "type": "classifier", "name": 5, "label": "CELL_INCOMING_REFERENCES"}, "6": {"scores": {"recall_score": {"std": [0.022336099018967558], "mean": [0.05106237424547283]}, "precision_score": {"std": [0.002383323294823781], "mean": [0.005458878616010924]}}, "type": "classifier", "name": 6, "label": "CELL_INCOMING_REFERENCES_FROM_OTHER_WORKSHEETS"}, "7": {"scores": {"recall_score": {"std": [0.065210421766119048], "mean": [0.70974446680080472]}, "precision_score": {"std": [0.00046893573910857005], "mean": [0.0055473916332155005]}}, "type": "classifier", "name": 7, "label": "CELL_ROW"}, "8": {"scores": {"recall_score": {"std": [0.051869547904310656], "mean": [0.50582293762575437]}, "precision_score": {"std": [0.0010559482270438702], "mean": [0.010196020564323482]}}, "type": "classifier", "name": 8, "label": "CELL_STANDARD_DEVIATION_COLUMN"}, "9": {"scores": {"recall_score": {"std": [0.05387194218849306], "mean": [0.34352112676056329]}, "precision_score": {"std": [0.0013052794078487009], "mean": [0.008126714568098237]}}, "type": "classifier", "name": 9, "label": "CELL_STANDARD_DEVIATION_ROW"}, "10": {"scores": {"recall_score": {"std": [0.06543715150289682], "mean": [0.58184104627766597]}, "precision_score": {"std": [0.00036801275284404543], "mean": [0.0036510799729469138]}}, "type": "classifier", "name": 10, "label": "CELL_SUCCESSORS"}, "11": {"scores": {"recall_score": {"std": [0.022336099018967558], "mean": [0.05106237424547283]}, "precision_score": {"std": [0.0025821516047301691], "mean": [0.0059047346727134423]}}, "type": "classifier", "name": 11, "label": "CELL_SUCCESSORS_IN_OTHER_WORKSHEETS"}, "12": {"scores": {"recall_score": {"std": [0.012336941365782346], "mean": [0.98466800804828969]}, "precision_score": {"std": [4.2309275393237272e-05], "mean": [0.0027212951178724656]}}, "type": "classifier", "name": 12, "label": "FORMULACELL_CONDITIONAL_CONSTRUCT_COMPLEXITY"}, "13": {"scores": {"recall_score": {"std": [0.095076002433847728], "mean": [0.014824949698189132]}, "precision_score": {"std": [0.0085624024538810371], "mean": [0.0058241313542869962]}}, "type": "classifier", "name": 13, "label": "FORMULACELL_DISPERSION_OF_REFERENCES"}, "14": {"scores": {"recall_score": {"std": [0.058344716986083914], "mean": [0.75018309859154941]}, "precision_score": {"std": [0.00028022017370807686], "mean": [0.0036868381713339527]}}, "type": "classifier", "name": 14, "label": "FORMULACELL_LONGEST_CALCULATION_CHAIN"}, "15": {"scores": {"recall_score": {"std": [0.051194017258368106], "mean": [0.65263983903420519]}, "precision_score": {"std": [0.00040551419985084924], "mean": [0.0053219727980638662]}}, "type": "classifier", "name": 15, "label": "FORMULACELL_PREDECESSORS"}, "16": {"scores": {"recall_score": {"std": [0.030898144457869283], "mean": [0.92038430583500996]}, "precision_score": {"std": [0.00012553485485968378], "mean": [0.0036223011281434751]}}, "type": "classifier", "name": 16, "label": "FORMULACELL_PREDECESSORS_DISTANT"}, "17": {"scores": {"recall_score": {"std": [0.033303334989467304], "mean": [0.88454325955734414]}, "precision_score": {"std": [0.00011072651003000248], "mean": [0.0028641771880750944]}}, "type": "classifier", "name": 17, "label": "FORMULACELL_PREDECESSORS_EMPTY"}, "18": {"scores": {"recall_score": {"std": [0.050406643276136774], "mean": [0.56410462776659953]}, "precision_score": {"std": [0.00060907114215884609], "mean": [0.0068539392574303755]}}, "type": "classifier", "name": 18, "label": "FORMULACELL_PREDECESSORS_IN_DIFFERENT_COLUMNS"}, "19": {"scores": {"recall_score": {"std": [0.04271162128674065], "mean": [0.85712474849094578]}, "precision_score": {"std": [0.00015516613400616162], "mean": [0.0030789983179060104]}}, "type": "classifier", "name": 19, "label": "FORMULACELL_PREDECESSORS_IN_DIFFERENT_ROWS"}, "20": {"scores": {"recall_score": {"std": [0.012706408680548148], "mean": [0.98295774647887346]}, "precision_score": {"std": [4.2415611258512603e-05], "mean": [0.0026191617967860725]}}, "type": "classifier", "name": 20, "label": "FORMULACELL_PREDECESSORS_IN_OTHER_WORKSHEETS"}, "21": {"scores": {"recall_score": {"std": [0.013832977355023934], "mean": [0.9872313883299797]}, "precision_score": {"std": [4.0296148161043609e-05], "mean": [0.0026636330056094585]}}, "type": "classifier", "name": 21, "label": "FORMULACELL_PREDECESSORS_MIDDLEMAN"}, "22": {"scores": {"recall_score": {"std": [0.03162072682667854], "mean": [0.9472052313883299]}, "precision_score": {"std": [8.616570818032013e-05], "mean": [0.0027422405745736967]}}, "type": "classifier", "name": 22, "label": "FORMULACELL_PREDECESSORS_REVERSE"}, "23": {"scores": {"recall_score": {"std": [0.0380724112139205], "mean": [0.10858350100603621]}, "precision_score": {"std": [0.0025063321166562832], "mean": [0.006941841299311466]}}, "type": "classifier", "name": 23, "label": "FORMULACELL_RANGE_HEIGHT_GROWTH_CUMMULATIVE"}, "24": {"scores": {"recall_score": {"std": [0.029811411389931729], "mean": [0.93945674044265592]}, "precision_score": {"std": [8.2804930965167534e-05], "mean": [0.0027775486992694196]}}, "type": "classifier", "name": 24, "label": "FORMULACELL_RANGE_WIDTH_GROWTH_CUMMULATIVE"}, "25": {"scores": {"recall_score": {"std": [0.49184805002521664], "mean": [0.42716700201207247]}, "precision_score": {"std": [0.0012247201956553249], "mean": [0.0010636242485654553]}}, "type": "classifier", "name": 25, "label": "FORMULACELL_REACHABILITY"}, "26": {"scores": {"recall_score": {"std": [0.055163827134892929], "mean": [0.25392354124748495]}, "precision_score": {"std": [0.0048102402138608755], "mean": [0.022738589567759187]}}, "type": "classifier", "name": 26, "label": "FORMULACELL_REACHABILITY_AVERAGE"}, "27": {"scores": {"recall_score": {"std": [0.014288989337516694], "mean": [0.98153319919517101]}, "precision_score": {"std": [4.6665055818721018e-05], "mean": [0.0026156279815403127]}}, "type": "classifier", "name": 27, "label": "FORMULACELL_REFERENCES_TO_OTHER_WORKSHEETS"}, "28": {"scores": {"recall_score": {"std": [0.052887193773093748], "mean": [0.68938430583501031]}, "precision_score": {"std": [0.0003371806898254953], "mean": [0.004816962973959435]}}, "type": "classifier", "name": 28, "label": "FORMULACELL_REFERENCE_DISTANCE"}, "29": {"scores": {"recall_score": {"std": [0.058239874936353117], "mean": [0.77375855130784732]}, "precision_score": {"std": [0.00034278156768285608], "mean": [0.0045322279662116573]}}, "type": "classifier", "name": 29,