{"type": "classifier_comparision", "classifiers": {"0": {"scores": {"recall_score": {"std": [0.065122686696659576], "mean": [0.82395833333333324]}, "precision_score": {"std": [0.0066294527976841384], "mean": [0.073162572858230399]}}, "type": "classifier", "name": 0, "label": "CELL_COLUMN"}, "1": {"scores": {"recall_score": {"std": [0.038370790925601077], "mean": [0.093545918367346936]}, "precision_score": {"std": [0.10280875959864075], "mean": [0.20753082022959515]}}, "type": "classifier", "name": 1, "label": "CELL_DISTANCE_TO_RELATIVE_COLUMN_BOOLEAN"}, "2": {"scores": {"recall_score": {"std": [0.072959196061873594], "mean": [0.43728741496598639]}, "precision_score": {"std": [0.021382265224993476], "mean": [0.11646950139849087]}}, "type": "classifier", "name": 2, "label": "CELL_DISTANCE_TO_RELATIVE_ROW_BOOLEAN"}, "3": {"scores": {"recall_score": {"std": [0.054974518568053882], "mean": [0.28063350340136056]}, "precision_score": {"std": [0.063941725040240954], "mean": [0.35017904723751953]}}, "type": "classifier", "name": 3, "label": "CELL_INCOMING_AREA_REFERENCES"}, "4": {"scores": {"recall_score": {"std": [0.09174930596431681], "mean": [0.80228316326530613]}, "precision_score": {"std": [0.002557871386472428], "mean": [0.032470384760754721]}}, "type": "classifier", "name": 4, "label": "CELL_INCOMING_CELL_REFERENCES"}, "5": {"scores": {"recall_score": {"std": [0.092786375982425423], "mean": [0.42450255102040813]}, "precision_score": {"std": [0.054921726451715315], "mean": [0.073962276300263016]}}, "type": "classifier", "name": 5, "label": "CELL_INCOMING_REFERENCES"}, "6": {"scores": {"recall_score": {"std": [0.059374033350551622], "mean": [0.40542091836734689]}, "precision_score": {"std": [0.032195184788833417], "mean": [0.22573925762610428]}}, "type": "classifier", "name": 6, "label": "CELL_INCOMING_REFERENCES_FROM_OTHER_WORKSHEETS"}, "7": {"scores": {"recall_score": {"std": [0.064239517243563221], "mean": [0.48164965986394553]}, "precision_score": {"std": [0.0049842684822951535], "mean": [0.038513792074722761]}}, "type": "classifier", "name": 7, "label": "CELL_ROW"}, "8": {"scores": {"recall_score": {"std": [0.045885616587955487], "mean": [0.13246173469387754]}, "precision_score": {"std": [0.012214729415904813], "mean": [0.036514965701073446]}}, "type": "classifier", "name": 8, "label": "CELL_STANDARD_DEVIATION_COLUMN"}, "9": {"scores": {"recall_score": {"std": [0.064935584490579484], "mean": [0.30564200680272102]}, "precision_score": {"std": [0.015818929416574357], "mean": [0.073080199730307396]}}, "type": "classifier", "name": 9, "label": "CELL_STANDARD_DEVIATION_ROW"}, "10": {"scores": {"recall_score": {"std": [0.072219996997761007], "mean": [0.45256802721088429]}, "precision_score": {"std": [0.015996867098442519], "mean": [0.058358413062313194]}}, "type": "classifier", "name": 10, "label": "CELL_SUCCESSORS"}, "11": {"scores": {"recall_score": {"std": [0.059374033350551622], "mean": [0.40542091836734689]}, "precision_score": {"std": [0.033066325983872095], "mean": [0.22957090359618906]}}, "type": "classifier", "name": 11, "label": "CELL_SUCCESSORS_IN_OTHER_WORKSHEETS"}, "12": {"scores": {"recall_score": {"std": [0.0088309153694789699], "mean": [0.99583758503401365]}, "precision_score": {"std": [0.00041481977525790309], "mean": [0.031825458757611516]}}, "type": "classifier", "name": 12, "label": "FORMULACELL_CONDITIONAL_CONSTRUCT_COMPLEXITY"}, "13": {"scores": {"recall_score": {"std": [0.0], "mean": [1.0]}, "precision_score": {"std": [0.00017320258399546834], "mean": [0.02867701507436806]}}, "type": "classifier", "name": 13, "label": "FORMULACELL_DISPERSION_OF_REFERENCES"}, "14": {"scores": {"recall_score": {"std": [0.046616662831998744], "mean": [0.85897534013605448]}, "precision_score": {"std": [0.0017490440344700771], "mean": [0.037525265285196466]}}, "type": "classifier", "name": 14, "label": "FORMULACELL_LONGEST_CALCULATION_CHAIN"}, "15": {"scores": {"recall_score": {"std": [0.054885207045867308], "mean": [0.82122023809523825]}, "precision_score": {"std": [0.0071460360504505402], "mean": [0.097978176804704498]}}, "type": "classifier", "name": 15, "label": "FORMULACELL_PREDECESSORS"}, "16": {"scores": {"recall_score": {"std": [0.01177624078128397], "mean": [0.99167517006802697]}, "precision_score": {"std": [0.00062312103507982677], "mean": [0.034017446768155921]}}, "type": "classifier", "name": 16, "label": "FORMULACELL_PREDECESSORS_DISTANT"}, "17": {"scores": {"recall_score": {"std": [0.018624803282827757], "mean": [0.97919642857142852]}, "precision_score": {"std": [0.00074766642553748223], "mean": [0.033291692793830749]}}, "type": "classifier", "name": 17, "label": "FORMULACELL_PREDECESSORS_EMPTY"}, "18": {"scores": {"recall_score": {"std": [0.049668506922775087], "mean": [0.84822704081632649]}, "precision_score": {"std": [0.0034754917978934469], "mean": [0.054646840411789604]}}, "type": "classifier", "name": 18, "label": "FORMULACELL_PREDECESSORS_IN_DIFFERENT_COLUMNS"}, "19": {"scores": {"recall_score": {"std": [0.036117841675826899], "mean": [0.9085289115646259]}, "precision_score": {"std": [0.002474456882903475], "mean": [0.057246973008869328]}}, "type": "classifier", "name": 19, "label": "FORMULACELL_PREDECESSORS_IN_DIFFERENT_ROWS"}, "20": {"scores": {"recall_score": {"std": [0.0], "mean": [1.0]}, "precision_score": {"std": [0.00028096948655742814], "mean": [0.030880220977358257]}}, "type": "classifier", "name": 20, "label": "FORMULACELL_PREDECESSORS_IN_OTHER_WORKSHEETS"}, "21": {"scores": {"recall_score": {"std": [0.054974518568053882], "mean": [0.28063350340136056]}, "precision_score": {"std": [0.043000526838845123], "mean": [0.22209000013649433]}}, "type": "classifier", "name": 21, "label": "FORMULACELL_PREDECESSORS_MIDDLEMAN"}, "22": {"scores": {"recall_score": {"std": [0.031179862230052237], "mean": [0.95218962585034006]}, "precision_score": {"std": [0.0013126995166772241], "mean": [0.038912617828291848]}}, "type": "classifier", "name": 22, "label": "FORMULACELL_PREDECESSORS_REVERSE"}, "23": {"scores": {"recall_score": {"std": [0.017446212762661513], "mean": [0.98501275510204067]}, "precision_score": {"std": [0.00058834986872535213], "mean": [0.030675143962925186]}}, "type": "classifier", "name": 23, "label": "FORMULACELL_RANGE_HEIGHT_GROWTH_CUMMULATIVE"}, "24": {"scores": {"recall_score": {"std": [0.0062500000000000108], "mean": [0.99791666666666667]}, "precision_score": {"std": [0.00042732027579275394], "mean": [0.032518422998407744]}}, "type": "classifier", "name": 24, "label": "FORMULACELL_RANGE_WIDTH_GROWTH_CUMMULATIVE"}, "25": {"scores": {"recall_score": {"std": [0.4619567690482807], "mean": [0.56799319727891162]}, "precision_score": {"std": [0.15172534078331332], "mean": [0.056718000916601105]}}, "type": "classifier", "name": 25, "label": "FORMULACELL_REACHABILITY"}, "26": {"scores": {"recall_score": {"std": [0.02895245051945107], "mean": [0.045727040816326524]}, "precision_score": {"std": [0.038229380884782144], "mean": [0.058459974419972464]}}, "type": "classifier", "name": 26, "label": "FORMULACELL_REACHABILITY_AVERAGE"}, "27": {"scores": {"recall_score": {"std": [0.0], "mean": [1.0]}, "precision_score": {"std": [0.00032760572177177214], "mean": [0.032307845561354624]}}, "type": "classifier", "name": 27, "label": "FORMULACELL_REFERENCES_TO_OTHER_WORKSHEETS"}, "28": {"scores": {"recall_score": {"std": [0.066925723698707057], "mean": [0.7548724489795916]}, "precision_score": {"std": [0.010190548126995371], "mean": [0.09857149699262821]}}, "type": "classifier", "name": 28, "label": "FORMULACELL_REFERENCE_DISTANCE"}, "29": {"scores": {"recall_score": {"std": [0.050409756014145365], "mean": [0.85611819727891147]}, "precision_score": {"std": [0.0061846195831440484], "mean": [0.10231356835034125]}}, "type": "classifier", "name": 29, "label": "FORMULACELL_REFERENCE_SPREADING_COLUMN"}, "30": {"scores": {"recall_score": {"std": [0.037461333697148998], "mean": [0.91019982993197279]},