{"type": "classifier_comparision", "classifiers": {"0": {"scores": {"recall_score": {"std": [0.067293010101484099], "mean": [0.53215561224489794]}, "precision_score": {"std": [0.003786640078140524], "mean": [0.029209231659850485]}}, "type": "classifier", "name": 0, "label": "CELL_COLUMN"}, "1": {"scores": {"recall_score": {"std": [0.045882414393933563], "mean": [0.13303996598639456]}, "precision_score": {"std": [0.012914462124857201], "mean": [0.036937533028106775]}}, "type": "classifier", "name": 1, "label": "CELL_DISTANCE_TO_RELATIVE_COLUMN_BOOLEAN"}, "2": {"scores": {"recall_score": {"std": [0.070956847925493671], "mean": [0.44911989795918372]}, "precision_score": {"std": [0.01011944738742199], "mean": [0.067908945197071136]}}, "type": "classifier", "name": 2, "label": "CELL_DISTANCE_TO_RELATIVE_ROW_BOOLEAN"}, "3": {"scores": {"recall_score": {"std": [0.059523144280782106], "mean": [0.33053146258503396]}, "precision_score": {"std": [0.011741558699873514], "mean": [0.066836097812938991]}}, "type": "classifier", "name": 3, "label": "CELL_INCOMING_AREA_REFERENCES"}, "4": {"scores": {"recall_score": {"std": [0.063309340902526268], "mean": [0.64237670068027208]}, "precision_score": {"std": [0.002990524046851828], "mean": [0.029603976970770503]}}, "type": "classifier", "name": 4, "label": "CELL_INCOMING_CELL_REFERENCES"}, "5": {"scores": {"recall_score": {"std": [0.065818415406347891], "mean": [0.5218239795918368]}, "precision_score": {"std": [0.0056163442400977686], "mean": [0.043884955453449274]}}, "type": "classifier", "name": 5, "label": "CELL_INCOMING_REFERENCES"}, "6": {"scores": {"recall_score": {"std": [0.058685124051986053], "mean": [0.40749999999999986]}, "precision_score": {"std": [0.018804367585384913], "mean": [0.12970000036338253]}}, "type": "classifier", "name": 6, "label": "CELL_INCOMING_REFERENCES_FROM_OTHER_WORKSHEETS"}, "7": {"scores": {"recall_score": {"std": [0.062385167281649986], "mean": [0.30397534013605443]}, "precision_score": {"std": [0.0060665075096748488], "mean": [0.030317654577445046]}}, "type": "classifier", "name": 7, "label": "CELL_ROW"}, "8": {"scores": {"recall_score": {"std": [0.29590848930850633], "mean": [0.30654761904761912]}, "precision_score": {"std": [0.0082045216814087014], "mean": [0.029642210359820332]}}, "type": "classifier", "name": 8, "label": "CELL_STANDARD_DEVIATION_COLUMN"}, "9": {"scores": {"recall_score": {"std": [0.064769115252671663], "mean": [0.322266156462585]}, "precision_score": {"std": [0.0096497102312499226], "mean": [0.048500516785513266]}}, "type": "classifier", "name": 9, "label": "CELL_STANDARD_DEVIATION_ROW"}, "10": {"scores": {"recall_score": {"std": [0.065818415406347891], "mean": [0.5218239795918368]}, "precision_score": {"std": [0.0056248284249960003], "mean": [0.043842891885340872]}}, "type": "classifier", "name": 10, "label": "CELL_SUCCESSORS"}, "11": {"scores": {"recall_score": {"std": [0.058685124051986053], "mean": [0.40749999999999986]}, "precision_score": {"std": [0.020164220028581106], "mean": [0.13774457811215415]}}, "type": "classifier", "name": 11, "label": "CELL_SUCCESSORS_IN_OTHER_WORKSHEETS"}, "12": {"scores": {"recall_score": {"std": [0.013469153560588554], "mean": [0.008312074829931973]}, "precision_score": {"std": [0.018007094339914171], "mean": [0.011570766100308872]}}, "type": "classifier", "name": 12, "label": "FORMULACELL_CONDITIONAL_CONSTRUCT_COMPLEXITY"}, "13": {"scores": {"recall_score": {"std": [0.0], "mean": [1.0]}, "precision_score": {"std": [0.00017320258399546834], "mean": [0.02867701507436806]}}, "type": "classifier", "name": 13, "label": "FORMULACELL_DISPERSION_OF_REFERENCES"}, "14": {"scores": {"recall_score": {"std": [0.042458686829893143], "mean": [0.88134778911564626]}, "precision_score": {"std": [0.0014178344046761732], "mean": [0.031020995515298896]}}, "type": "classifier", "name": 14, "label": "FORMULACELL_LONGEST_CALCULATION_CHAIN"}, "15": {"scores": {"recall_score": {"std": [0.045335207896457695], "mean": [0.86068027210884357]}, "precision_score": {"std": [0.0016310225850137687], "mean": [0.030721778629114752]}}, "type": "classifier", "name": 15, "label": "FORMULACELL_PREDECESSORS"}, "16": {"scores": {"recall_score": {"std": [0.029531103375415639], "mean": [0.94177721088435373]}, "precision_score": {"std": [0.0010606107144569997], "mean": [0.0324243321840645]}}, "type": "classifier", "name": 16, "label": "FORMULACELL_PREDECESSORS_DISTANT"}, "17": {"scores": {"recall_score": {"std": [0.025036660308066398], "mean": [0.96881377551020409]}, "precision_score": {"std": [0.00095296012416683608], "mean": [0.033090694137870386]}}, "type": "classifier", "name": 17, "label": "FORMULACELL_PREDECESSORS_EMPTY"}, "18": {"scores": {"recall_score": {"std": [0.06623791762335593], "mean": [0.51965561224489798]}, "precision_score": {"std": [0.0025394357886253539], "mean": [0.019721822877893955]}}, "type": "classifier", "name": 18, "label": "FORMULACELL_PREDECESSORS_IN_DIFFERENT_COLUMNS"}, "19": {"scores": {"recall_score": {"std": [0.1388012037159117], "mean": [0.86984268707482992]}, "precision_score": {"std": [0.0036235448895797395], "mean": [0.030408632837007326]}}, "type": "classifier", "name": 19, "label": "FORMULACELL_PREDECESSORS_IN_DIFFERENT_ROWS"}, "20": {"scores": {"recall_score": {"std": [0.0], "mean": [1.0]}, "precision_score": {"std": [0.00028096948655742814], "mean": [0.030880220977358257]}}, "type": "classifier", "name": 20, "label": "FORMULACELL_PREDECESSORS_IN_OTHER_WORKSHEETS"}, "21": {"scores": {"recall_score": {"std": [0.054974518568053882], "mean": [0.28063350340136056]}, "precision_score": {"std": [0.011455437775261874], "mean": [0.05928730443165714]}}, "type": "classifier", "name": 21, "label": "FORMULACELL_PREDECESSORS_MIDDLEMAN"}, "22": {"scores": {"recall_score": {"std": [0.031179862230052237], "mean": [0.95218962585034006]}, "precision_score": {"std": [0.0013131389619269584], "mean": [0.038914918797533921]}}, "type": "classifier", "name": 22, "label": "FORMULACELL_PREDECESSORS_REVERSE"}, "23": {"scores": {"recall_score": {"std": [0.032873279457409289], "mean": [0.93762329931972788]}, "precision_score": {"std": [0.0010102211588435218], "mean": [0.02938615155914771]}}, "type": "classifier", "name": 23, "label": "FORMULACELL_RANGE_HEIGHT_GROWTH_CUMMULATIVE"}, "24": {"scores": {"recall_score": {"std": [0.032770997910700275], "mean": [0.9313690476190476]}, "precision_score": {"std": [0.0011089743410777038], "mean": [0.030415148788827499]}}, "type": "classifier", "name": 24, "label": "FORMULACELL_RANGE_WIDTH_GROWTH_CUMMULATIVE"}, "25": {"scores": {"recall_score": {"std": [0.017261621487404576], "mean": [0.014545068027210884]}, "precision_score": {"std": [0.11167160812635597], "mean": [0.094541125541125523]}}, "type": "classifier", "name": 25, "label": "FORMULACELL_REACHABILITY"}, "26": {"scores": {"recall_score": {"std": [0.02895245051945107], "mean": [0.045727040816326524]}, "precision_score": {"std": [0.038229380884782144], "mean": [0.058459974419972464]}}, "type": "classifier", "name": 26, "label": "FORMULACELL_REACHABILITY_AVERAGE"}, "27": {"scores": {"recall_score": {"std": [0.0], "mean": [1.0]}, "precision_score": {"std": [0.00032760572177177214], "mean": [0.032307845561354624]}}, "type": "classifier", "name": 27, "label": "FORMULACELL_REFERENCES_TO_OTHER_WORKSHEETS"}, "28": {"scores": {"recall_score": {"std": [0.044087954595106421], "mean": [0.88107568027210892]}, "precision_score": {"std": [0.0013724290294533214], "mean": [0.029752988295874982]}}, "type": "classifier", "name": 28, "label": "FORMULACELL_REFERENCE_DISTANCE"}, "29": {"scores": {"recall_score": {"std": [0.063306029765628991], "mean": [0.45952806122448975]}, "precision_score": {"std": [0.0044515790223762048], "mean": [0.033608808586507243]}}, "type": "classifier", "name": 29, "label": "FORMULACELL_REFERENCE_SPREADING_COLUMN"}, "30": {"scores": {"recall_score": {"std": [0.065218018906872746], "mean": [0.72722363945578206]}, "precision_score": {"std": [0.0022460254341705637],