{"type": "classifier_comparision", "classifiers": {"0": {"scores": {"recall_score": {"std": [0.41705197602681249], "mean": [0.3872676056338028]}, "precision_score": {"std": [0.00094540748773749817], "mean": [0.0011942496733306314]}}, "type": "classifier", "name": 0, "label": "CELL_COLUMN"}, "1": {"scores": {"recall_score": {"std": [0.05333889837242746], "mean": [0.16596177062374246]}, "precision_score": {"std": [0.0017169167869539614], "mean": [0.0059380828600766643]}}, "type": "classifier", "name": 1, "label": "CELL_DISTANCE_TO_RELATIVE_COLUMN_BOOLEAN"}, "2": {"scores": {"recall_score": {"std": [0.22803082355652871], "mean": [0.2506881287726358]}, "precision_score": {"std": [0.0034379662705106883], "mean": [0.0037511758966736197]}}, "type": "classifier", "name": 2, "label": "CELL_DISTANCE_TO_RELATIVE_ROW_BOOLEAN"}, "3": {"scores": {"recall_score": {"std": [0.18232235435874181], "mean": [0.17888329979879272]}, "precision_score": {"std": [0.00045498177426229672], "mean": [0.0013624938779609433]}}, "type": "classifier", "name": 3, "label": "CELL_INCOMING_AREA_REFERENCES"}, "4": {"scores": {"recall_score": {"std": [0.26647564742448693], "mean": [0.30013883299798794]}, "precision_score": {"std": [0.0026369387018065449], "mean": [0.0041880819616903452]}}, "type": "classifier", "name": 4, "label": "CELL_INCOMING_CELL_REFERENCES"}, "5": {"scores": {"recall_score": {"std": [0.35754368041889256], "mean": [0.36110462776659957]}, "precision_score": {"std": [0.00099809749494415324], "mean": [0.0024303254598032767]}}, "type": "classifier", "name": 5, "label": "CELL_INCOMING_REFERENCES"}, "6": {"scores": {"recall_score": {"std": [0.023446916199525197], "mean": [0.052482897384305824]}, "precision_score": {"std": [0.0020543985243394575], "mean": [0.0046350139201283705]}}, "type": "classifier", "name": 6, "label": "CELL_INCOMING_REFERENCES_FROM_OTHER_WORKSHEETS"}, "7": {"scores": {"recall_score": {"std": [0.44684087058369837], "mean": [0.39390744466800803]}, "precision_score": {"std": [0.0010596123650721723], "mean": [0.0011163084841376127]}}, "type": "classifier", "name": 7, "label": "CELL_ROW"}, "8": {"scores": {"recall_score": {"std": [0.16834523236161253], "mean": [0.33546076458752511]}, "precision_score": {"std": [0.012396299412842655], "mean": [0.021701079352206162]}}, "type": "classifier", "name": 8, "label": "CELL_STANDARD_DEVIATION_COLUMN"}, "9": {"scores": {"recall_score": {"std": [0.12689336762655637], "mean": [0.23476056338028164]}, "precision_score": {"std": [0.0021980768186752146], "mean": [0.0088063403432652992]}}, "type": "classifier", "name": 9, "label": "CELL_STANDARD_DEVIATION_ROW"}, "10": {"scores": {"recall_score": {"std": [0.34860969384955337], "mean": [0.37073641851106631]}, "precision_score": {"std": [0.0011802498150314639], "mean": [0.0027590380711075254]}}, "type": "classifier", "name": 10, "label": "CELL_SUCCESSORS"}, "11": {"scores": {"recall_score": {"std": [0.16333326254215486], "mean": [0.080782696177062366]}, "precision_score": {"std": [0.002079013070952465], "mean": [0.0045611466422558972]}}, "type": "classifier", "name": 11, "label": "CELL_SUCCESSORS_IN_OTHER_WORKSHEETS"}, "12": {"scores": {"recall_score": {"std": [0.13725952807052805], "mean": [0.046541247484909454]}, "precision_score": {"std": [0.00046736124025384819], "mean": [0.00065916349194026862]}}, "type": "classifier", "name": 12, "label": "FORMULACELL_CONDITIONAL_CONSTRUCT_COMPLEXITY"}, "13": {"scores": {"recall_score": {"std": [0.099291219472348882], "mean": [0.01567002012072434]}, "precision_score": {"std": [0.009377773103482279], "mean": [0.0062725416381474884]}}, "type": "classifier", "name": 13, "label": "FORMULACELL_DISPERSION_OF_REFERENCES"}, "14": {"scores": {"recall_score": {"std": [0.29335065428011176], "mean": [0.31218511066398391]}, "precision_score": {"std": [0.00054670292495483227], "mean": [0.0017100718686406512]}}, "type": "classifier", "name": 14, "label": "FORMULACELL_LONGEST_CALCULATION_CHAIN"}, "15": {"scores": {"recall_score": {"std": [0.28320837267437865], "mean": [0.34876458752515094]}, "precision_score": {"std": [0.00091340175124310721], "mean": [0.0024283004679320169]}}, "type": "classifier", "name": 15, "label": "FORMULACELL_PREDECESSORS"}, "16": {"scores": {"recall_score": {"std": [0.0385174832079885], "mean": [0.076464788732394359]}, "precision_score": {"std": [0.00056557304653114134], "mean": [0.00098927915713815863]}}, "type": "classifier", "name": 16, "label": "FORMULACELL_PREDECESSORS_DISTANT"}, "17": {"scores": {"recall_score": {"std": [0.0443995128064128], "mean": [0.094905432595573422]}, "precision_score": {"std": [0.00040674841481494998], "mean": [0.001162455458880495]}}, "type": "classifier", "name": 17, "label": "FORMULACELL_PREDECESSORS_EMPTY"}, "18": {"scores": {"recall_score": {"std": [0.19331686556365918], "mean": [0.24852917505030181]}, "precision_score": {"std": [0.00058110658065828802], "mean": [0.0016822944295769562]}}, "type": "classifier", "name": 18, "label": "FORMULACELL_PREDECESSORS_IN_DIFFERENT_COLUMNS"}, "19": {"scores": {"recall_score": {"std": [0.16177114451551361], "mean": [0.25531388329979876]}, "precision_score": {"std": [0.0011257546658011127], "mean": [0.0026412767504281585]}}, "type": "classifier", "name": 19, "label": "FORMULACELL_PREDECESSORS_IN_DIFFERENT_ROWS"}, "20": {"scores": {"recall_score": {"std": [0.21457466726437552], "mean": [0.06632796780684104]}, "precision_score": {"std": [0.00060912940146327563], "mean": [0.00071217961092912463]}}, "type": "classifier", "name": 20, "label": "FORMULACELL_PREDECESSORS_IN_OTHER_WORKSHEETS"}, "21": {"scores": {"recall_score": {"std": [0.013832977355023939], "mean": [0.01276861167002012]}, "precision_score": {"std": [0.00041657424476103567], "mean": [0.00038319785359855788]}}, "type": "classifier", "name": 21, "label": "FORMULACELL_PREDECESSORS_MIDDLEMAN"}, "22": {"scores": {"recall_score": {"std": [0.064127552325504378], "mean": [0.11836217303822934]}, "precision_score": {"std": [0.00057963062609921927], "mean": [0.0013737875174746627]}}, "type": "classifier", "name": 22, "label": "FORMULACELL_PREDECESSORS_REVERSE"}, "23": {"scores": {"recall_score": {"std": [0.041502282706098091], "mean": [0.12818309859154928]}, "precision_score": {"std": [0.0014916387978507473], "mean": [0.004717448710190579]}}, "type": "classifier", "name": 23, "label": "FORMULACELL_RANGE_HEIGHT_GROWTH_CUMMULATIVE"}, "24": {"scores": {"recall_score": {"std": [0.097325642157418499], "mean": [0.095360160965794749]}, "precision_score": {"std": [0.00059795318722260962], "mean": [0.0014594310915374829]}}, "type": "classifier", "name": 24, "label": "FORMULACELL_RANGE_WIDTH_GROWTH_CUMMULATIVE"}, "25": {"scores": {"recall_score": {"std": [0.20972533814417299], "mean": [0.25741448692152913]}, "precision_score": {"std": [0.00048590006538421111], "mean": [0.0013197684936163425]}}, "type": "classifier", "name": 25, "label": "FORMULACELL_REACHABILITY"}, "26": {"scores": {"recall_score": {"std": [0.13128367433635357], "mean": [0.15764185110663984]}, "precision_score": {"std": [0.011724614769823737], "mean": [0.014109479351057377]}}, "type": "classifier", "name": 26, "label": "FORMULACELL_REACHABILITY_AVERAGE"}, "27": {"scores": {"recall_score": {"std": [0.21429641933000132], "mean": [0.067897384305834987]}, "precision_score": {"std": [0.00063740183737980038], "mean": [0.00076798294475178891]}}, "type": "classifier", "name": 27, "label": "FORMULACELL_REFERENCES_TO_OTHER_WORKSHEETS"}, "28": {"scores": {"recall_score": {"std": [0.29417288956437421], "mean": [0.34664587525150914]}, "precision_score": {"std": [0.0004971495495463738], "mean": [0.0017467172526437293]}}, "type": "classifier", "name": 28, "label": "FORMULACELL_REFERENCE_DISTANCE"}, "29": {"scores": {"recall_score": {"std": [0.21016866176831359], "mean": [0.21306237424547284]}, "precision_score": {"std": [0.00060776531323083723], "mean": [0.00084555307797061193]}}, "type": "classifier", "name": 29, "label": "FORMULACELL_REFERENCE_SPREADING_COLUMN"},