{"type": "classifier_comparision", "classifiers": {"0": {"scores": {"recall_score": {"std": [0.047613073424849682], "mean": [0.82492756539235401]}, "precision_score": {"std": [0.00019223078621516808], "mean": [0.0034593099621280849]}}, "type": "classifier", "name": 0, "label": "CELL_COLUMN"}, "1": {"scores": {"recall_score": {"std": [0.040528294515566006], "mean": [0.14807042253521124]}, "precision_score": {"std": [0.0015833632898205616], "mean": [0.0060818519350033162]}}, "type": "classifier", "name": 1, "label": "CELL_DISTANCE_TO_RELATIVE_COLUMN_BOOLEAN"}, "2": {"scores": {"recall_score": {"std": [0.050684629249575112], "mean": [0.37875653923541253]}, "precision_score": {"std": [0.00088415000059450415], "mean": [0.0066627133647339173]}}, "type": "classifier", "name": 2, "label": "CELL_DISTANCE_TO_RELATIVE_ROW_BOOLEAN"}, "3": {"scores": {"recall_score": {"std": [0.050736320524576245], "mean": [0.66804828973843078]}, "precision_score": {"std": [0.00026831641982447992], "mean": [0.0035162024929779375]}}, "type": "classifier", "name": 3, "label": "CELL_INCOMING_AREA_REFERENCES"}, "4": {"scores": {"recall_score": {"std": [0.057792462569822511], "mean": [0.59857545271629786]}, "precision_score": {"std": [0.00023800263960022179], "mean": [0.0024616649607503102]}}, "type": "classifier", "name": 4, "label": "CELL_INCOMING_CELL_REFERENCES"}, "5": {"scores": {"recall_score": {"std": [0.04817393370337849], "mean": [0.73614688128772643]}, "precision_score": {"std": [0.00020340429009629447], "mean": [0.0031007414670246886]}}, "type": "classifier", "name": 5, "label": "CELL_INCOMING_REFERENCES"}, "6": {"scores": {"recall_score": {"std": [0.023446916199525197], "mean": [0.052482897384305824]}, "precision_score": {"std": [0.0020543985243394575], "mean": [0.0046350139201283705]}}, "type": "classifier", "name": 6, "label": "CELL_INCOMING_REFERENCES_FROM_OTHER_WORKSHEETS"}, "7": {"scores": {"recall_score": {"std": [0.038874126946223796], "mean": [0.83105432595573447]}, "precision_score": {"std": [0.00018109270941470525], "mean": [0.0040518617449014412]}}, "type": "classifier", "name": 7, "label": "CELL_ROW"}, "8": {"scores": {"recall_score": {"std": [0.051495939760298891], "mean": [0.50638631790744459]}, "precision_score": {"std": [0.0010440689665458698], "mean": [0.01012584579301235]}}, "type": "classifier", "name": 8, "label": "CELL_STANDARD_DEVIATION_COLUMN"}, "9": {"scores": {"recall_score": {"std": [0.055142931991665985], "mean": [0.35316901408450696]}, "precision_score": {"std": [0.0012777989200665378], "mean": [0.0081274802650056609]}}, "type": "classifier", "name": 9, "label": "CELL_STANDARD_DEVIATION_ROW"}, "10": {"scores": {"recall_score": {"std": [0.10025585402705786], "mean": [0.28241247484909454]}, "precision_score": {"std": [0.00038414236752277623], "mean": [0.0016376431525265795]}}, "type": "classifier", "name": 10, "label": "CELL_SUCCESSORS"}, "11": {"scores": {"recall_score": {"std": [0.023446916199525204], "mean": [0.94751710261569411]}, "precision_score": {"std": [6.19745392985168e-05], "mean": [0.0024190817031065296]}}, "type": "classifier", "name": 11, "label": "CELL_SUCCESSORS_IN_OTHER_WORKSHEETS"}, "12": {"scores": {"recall_score": {"std": [0.014572749750205529], "mean": [0.980553319919517]}, "precision_score": {"std": [6.8771600400320006e-05], "mean": [0.0025985760251562469]}}, "type": "classifier", "name": 12, "label": "FORMULACELL_CONDITIONAL_CONSTRUCT_COMPLEXITY"}, "13": {"scores": {"recall_score": {"std": [0.095076002433847728], "mean": [0.014824949698189132]}, "precision_score": {"std": [0.0085624024538810371], "mean": [0.0058241313542869962]}}, "type": "classifier", "name": 13, "label": "FORMULACELL_DISPERSION_OF_REFERENCES"}, "14": {"scores": {"recall_score": {"std": [0.036897837233309763], "mean": [0.89647887323943676]}, "precision_score": {"std": [0.0001077547725386093], "mean": [0.0026313246373292588]}}, "type": "classifier", "name": 14, "label": "FORMULACELL_LONGEST_CALCULATION_CHAIN"}, "15": {"scores": {"recall_score": {"std": [0.042894276381275076], "mean": [0.83094768611670033]}, "precision_score": {"std": [0.00012658248249902327], "mean": [0.0024819809634166151]}}, "type": "classifier", "name": 15, "label": "FORMULACELL_PREDECESSORS"}, "16": {"scores": {"recall_score": {"std": [0.026749412284624147], "mean": [0.94681488933601632]}, "precision_score": {"std": [0.00012138030184795664], "mean": [0.0026192925443817945]}}, "type": "classifier", "name": 16, "label": "FORMULACELL_PREDECESSORS_DISTANT"}, "17": {"scores": {"recall_score": {"std": [0.034543144409134502], "mean": [0.87660160965794776]}, "precision_score": {"std": [0.00011603872249418776], "mean": [0.0028596847526087756]}}, "type": "classifier", "name": 17, "label": "FORMULACELL_PREDECESSORS_EMPTY"}, "18": {"scores": {"recall_score": {"std": [0.040561340761460167], "mean": [0.86169617706237422]}, "precision_score": {"std": [0.00013835287903552027], "mean": [0.0028132309565384178]}}, "type": "classifier", "name": 18, "label": "FORMULACELL_PREDECESSORS_IN_DIFFERENT_COLUMNS"}, "19": {"scores": {"recall_score": {"std": [0.035833097128312709], "mean": [0.88784305835010058]}, "precision_score": {"std": [0.00013232909679590792], "mean": [0.0024392184924217843]}}, "type": "classifier", "name": 19, "label": "FORMULACELL_PREDECESSORS_IN_DIFFERENT_ROWS"}, "20": {"scores": {"recall_score": {"std": [0.012706408680548148], "mean": [0.98295774647887346]}, "precision_score": {"std": [4.2415611258512603e-05], "mean": [0.0026191617967860725]}}, "type": "classifier", "name": 20, "label": "FORMULACELL_PREDECESSORS_IN_OTHER_WORKSHEETS"}, "21": {"scores": {"recall_score": {"std": [0.013832977355023934], "mean": [0.9872313883299797]}, "precision_score": {"std": [4.2478823611959322e-05], "mean": [0.0026710220272886716]}}, "type": "classifier", "name": 21, "label": "FORMULACELL_PREDECESSORS_MIDDLEMAN"}, "22": {"scores": {"recall_score": {"std": [0.35747908235484144], "mean": [0.23271428571428576]}, "precision_score": {"std": [0.00086099654943321826], "mean": [0.001240186645843864]}}, "type": "classifier", "name": 22, "label": "FORMULACELL_PREDECESSORS_REVERSE"}, "23": {"scores": {"recall_score": {"std": [0.035698167133784597], "mean": [0.88799195171026168]}, "precision_score": {"std": [9.2830880529639183e-05], "mean": [0.0023486216336780874]}}, "type": "classifier", "name": 23, "label": "FORMULACELL_RANGE_HEIGHT_GROWTH_CUMMULATIVE"}, "24": {"scores": {"recall_score": {"std": [0.034892238199643363], "mean": [0.90357344064386325]}, "precision_score": {"std": [0.00010541902420475664], "mean": [0.0027386623046176117]}}, "type": "classifier", "name": 24, "label": "FORMULACELL_RANGE_WIDTH_GROWTH_CUMMULATIVE"}, "25": {"scores": {"recall_score": {"std": [0.49623076242818304], "mean": [0.54858551307847081]}, "precision_score": {"std": [0.0012341399206650886], "mean": [0.0013642891261471477]}}, "type": "classifier", "name": 25, "label": "FORMULACELL_REACHABILITY"}, "26": {"scores": {"recall_score": {"std": [0.055163827134892929], "mean": [0.25392354124748495]}, "precision_score": {"std": [0.0048102402138608755], "mean": [0.022738589567759187]}}, "type": "classifier", "name": 26, "label": "FORMULACELL_REACHABILITY_AVERAGE"}, "27": {"scores": {"recall_score": {"std": [0.014288989337516694], "mean": [0.98153319919517101]}, "precision_score": {"std": [4.6665055818721018e-05], "mean": [0.0026156279815403127]}}, "type": "classifier", "name": 27, "label": "FORMULACELL_REFERENCES_TO_OTHER_WORKSHEETS"}, "28": {"scores": {"recall_score": {"std": [0.024416892451682558], "mean": [0.94582092555331987]}, "precision_score": {"std": [6.0600833700075388e-05], "mean": [0.0024967171223188537]}}, "type": "classifier", "name": 28, "label": "FORMULACELL_REFERENCE_DISTANCE"}, "29": {"scores": {"recall_score": {"std": [0.041686201726150611], "mean": [0.83542253521126764]}, "precision_score": {"std": [0.00019941158646290231], "mean": [0.0038127932938013813]}}, "type": "classifier", "name": 29,