{"type": "classifier_comparision", "classifiers": {"0": {"scores": {"recall_score": {"std": [0.021759148300055736], "mean": [0.45724328290810567]}, "precision_score": {"std": [0.0014712605945250354], "mean": [0.03155583024028883]}}, "type": "classifier", "name": 0, "label": "CELL_COLUMN"}, "1": {"scores": {"recall_score": {"std": [0.0048526500796126082], "mean": [0.010859561977873107]}, "precision_score": {"std": [0.026707650218507826], "mean": [0.065727913205918684]}}, "type": "classifier", "name": 1, "label": "CELL_DISTANCE_TO_RELATIVE_COLUMN_BOOLEAN"}, "2": {"scores": {"recall_score": {"std": [0.016506381038253734], "mean": [0.14718153081959812]}, "precision_score": {"std": [0.0054612742209622376], "mean": [0.051830041780714167]}}, "type": "classifier", "name": 2, "label": "CELL_DISTANCE_TO_RELATIVE_ROW_BOOLEAN"}, "3": {"scores": {"recall_score": {"std": [0.018500807592614629], "mean": [0.78533796191766381]}, "precision_score": {"std": [0.00085322536556290502], "mean": [0.037274791325126275]}}, "type": "classifier", "name": 3, "label": "CELL_INCOMING_AREA_REFERENCES"}, "4": {"scores": {"recall_score": {"std": [0.12551137908137816], "mean": [0.87095883194099499]}, "precision_score": {"std": [0.00076528984827289501], "mean": [0.032546328267605222]}}, "type": "classifier", "name": 4, "label": "CELL_INCOMING_CELL_REFERENCES"}, "5": {"scores": {"recall_score": {"std": [0.015352889598543333], "mean": [0.8233469556709565]}, "precision_score": {"std": [0.00062797904764920411], "mean": [0.035041502407915592]}}, "type": "classifier", "name": 5, "label": "CELL_INCOMING_REFERENCES"}, "6": {"scores": {"recall_score": {"std": [0.011743478744223256], "mean": [0.8972277037706029]}, "precision_score": {"std": [0.00039686886142060182], "mean": [0.03153384791569281]}}, "type": "classifier", "name": 6, "label": "CELL_INCOMING_REFERENCES_FROM_OTHER_WORKSHEETS"}, "7": {"scores": {"recall_score": {"std": [0.02228377086612263], "mean": [0.51347821178595621]}, "precision_score": {"std": [0.001299036509682957], "mean": [0.029938876055546501]}}, "type": "classifier", "name": 7, "label": "CELL_ROW"}, "8": {"scores": {"recall_score": {"std": [0.021764362090276539], "mean": [0.34865251749830656]}, "precision_score": {"std": [0.0025588713473781097], "mean": [0.042953438908378223]}}, "type": "classifier", "name": 8, "label": "CELL_STANDARD_DEVIATION_COLUMN"}, "9": {"scores": {"recall_score": {"std": [0.021244043929288244], "mean": [0.24335768043952732]}, "precision_score": {"std": [0.0031278420771622484], "mean": [0.037296920605888337]}}, "type": "classifier", "name": 9, "label": "CELL_STANDARD_DEVIATION_ROW"}, "10": {"scores": {"recall_score": {"std": [0.014121542641425688], "mean": [0.1178996011138707]}, "precision_score": {"std": [0.0042505431824855552], "mean": [0.036850750976847396]}}, "type": "classifier", "name": 10, "label": "CELL_SUCCESSORS"}, "11": {"scores": {"recall_score": {"std": [0.0096913657779197776], "mean": [0.057785617520885076]}, "precision_score": {"std": [0.0098408062530226485], "mean": [0.06238778383709627]}}, "type": "classifier", "name": 11, "label": "CELL_SUCCESSORS_IN_OTHER_WORKSHEETS"}, "12": {"scores": {"recall_score": {"std": [0.011193773106021734], "mean": [0.05722420410927976]}, "precision_score": {"std": [0.012724267355645667], "mean": [0.067146880269525436]}}, "type": "classifier", "name": 12, "label": "FORMULACELL_CONDITIONAL_CONSTRUCT_COMPLEXITY"}, "13": {"scores": {"recall_score": {"std": [0.012227219746040708], "mean": [0.08745363889516071]}, "precision_score": {"std": [0.0052020031320231868], "mean": [0.037653650523203283]}}, "type": "classifier", "name": 13, "label": "FORMULACELL_DISPERSION_OF_REFERENCES"}, "14": {"scores": {"recall_score": {"std": [0.020123505895958356], "mean": [0.51871186121773161]}, "precision_score": {"std": [0.0013836774196478417], "mean": [0.034710073202893564]}}, "type": "classifier", "name": 14, "label": "FORMULACELL_LONGEST_CALCULATION_CHAIN"}, "15": {"scores": {"recall_score": {"std": [0.017861020405459893], "mean": [0.7356995935877173]}, "precision_score": {"std": [0.00065381530749525417], "mean": [0.027905720419555205]}}, "type": "classifier", "name": 15, "label": "FORMULACELL_PREDECESSORS"}, "16": {"scores": {"recall_score": {"std": [0.016071467752389785], "mean": [0.77603409347482499]}, "precision_score": {"std": [0.00066271200889351264], "mean": [0.031558052743614166]}}, "type": "classifier", "name": 16, "label": "FORMULACELL_PREDECESSORS_DISTANT"}, "17": {"scores": {"recall_score": {"std": [0.00093013147324099571], "mean": [0.99941822834349381]}, "precision_score": {"std": [4.055700373788502e-05], "mean": [0.029638579470557799]}}, "type": "classifier", "name": 17, "label": "FORMULACELL_PREDECESSORS_EMPTY"}, "18": {"scores": {"recall_score": {"std": [0.021686095490501833], "mean": [0.75435474523970791]}, "precision_score": {"std": [0.0013731622769727198], "mean": [0.027989329478016842]}}, "type": "classifier", "name": 18, "label": "FORMULACELL_PREDECESSORS_IN_DIFFERENT_COLUMNS"}, "19": {"scores": {"recall_score": {"std": [0.017087359688601592], "mean": [0.80007936328742391]}, "precision_score": {"std": [0.00059797119793179409], "mean": [0.02900770799564337]}}, "type": "classifier", "name": 19, "label": "FORMULACELL_PREDECESSORS_IN_DIFFERENT_ROWS"}, "20": {"scores": {"recall_score": {"std": [0.010934351482427041], "mean": [0.92864028749905936]}, "precision_score": {"std": [0.00035348306813528548], "mean": [0.030095670433198777]}}, "type": "classifier", "name": 20, "label": "FORMULACELL_PREDECESSORS_IN_OTHER_WORKSHEETS"}, "21": {"scores": {"recall_score": {"std": [0.013377246783302705], "mean": [0.090557311658011605]}, "precision_score": {"std": [0.0031292284992580663], "mean": [0.021275862281026913]}}, "type": "classifier", "name": 21, "label": "FORMULACELL_PREDECESSORS_MIDDLEMAN"}, "22": {"scores": {"recall_score": {"std": [0.047941744109776682], "mean": [0.94095217129525111]}, "precision_score": {"std": [0.00059575887429139628], "mean": [0.030792367113351662]}}, "type": "classifier", "name": 22, "label": "FORMULACELL_PREDECESSORS_REVERSE"}, "23": {"scores": {"recall_score": {"std": [0.37417180834100422], "mean": [0.82755689771957563]}, "precision_score": {"std": [0.010657807912441201], "mean": [0.025076387440296131]}}, "type": "classifier", "name": 23, "label": "FORMULACELL_RANGE_HEIGHT_GROWTH_CUMMULATIVE"}, "24": {"scores": {"recall_score": {"std": [0.00058184721009107976], "mean": [0.99980605102732001]}, "precision_score": {"std": [8.8530730811741697e-05], "mean": [0.033930836869535658]}}, "type": "classifier", "name": 24, "label": "FORMULACELL_RANGE_WIDTH_GROWTH_CUMMULATIVE"}, "25": {"scores": {"recall_score": {"std": [0.009317146270267862], "mean": [0.039345412809513057]}, "precision_score": {"std": [0.005331810156402929], "mean": [0.023257140217954629]}}, "type": "classifier", "name": 25, "label": "FORMULACELL_REACHABILITY"}, "26": {"scores": {"recall_score": {"std": [0.13920146913316031], "mean": [0.020775795890720254]}, "precision_score": {"std": [0.056029153931022417], "mean": [0.043043339315978327]}}, "type": "classifier", "name": 26, "label": "FORMULACELL_REACHABILITY_AVERAGE"}, "27": {"scores": {"recall_score": {"std": [0.014353970329107289], "mean": [0.11343903815759765]}, "precision_score": {"std": [0.0038603305699411545], "mean": [0.03048519257272584]}}, "type": "classifier", "name": 27, "label": "FORMULACELL_REFERENCES_TO_OTHER_WORKSHEETS"}, "28": {"scores": {"recall_score": {"std": [0.020853043317039438], "mean": [0.43864649657560023]}, "precision_score": {"std": [0.0017103727782004766], "mean": [0.036105964524213323]}}, "type": "classifier", "name": 28, "label": "FORMULACELL_REFERENCE_DISTANCE"}, "29": {"scores": {"recall_score": {"std": [0.021547079503796328], "mean": [0.44580315345826754]}, "precision_score": {"std": [0.0018675288652105072], "mean": [0.038899513634279882]}}, "type": "classifier", "name": 29, "label": "FORMULACELL_REFERENCE_SPREADING_COLUMN"},