{"type": "classifier_comparision", "classifiers": {"0": {"scores": {"recall_score": {"std": [0.38833479286268224], "mean": [0.3002295918367347]}, "precision_score": {"std": [0.011603166982182347], "mean": [0.013313617420498242]}}, "type": "classifier", "name": 0, "label": "CELL_COLUMN"}, "1": {"scores": {"recall_score": {"std": [0.04592737849349092], "mean": [0.13221088435374151]}, "precision_score": {"std": [0.015330984783249018], "mean": [0.039308764547408732]}}, "type": "classifier", "name": 1, "label": "CELL_DISTANCE_TO_RELATIVE_COLUMN_BOOLEAN"}, "2": {"scores": {"recall_score": {"std": [0.20868512208343062], "mean": [0.29276360544217683]}, "precision_score": {"std": [0.029823703556562803], "mean": [0.044907969894868581]}}, "type": "classifier", "name": 2, "label": "CELL_DISTANCE_TO_RELATIVE_ROW_BOOLEAN"}, "3": {"scores": {"recall_score": {"std": [0.14232307969356492], "mean": [0.3236607142857143]}, "precision_score": {"std": [0.04368665475369047], "mean": [0.066574749908196174]}}, "type": "classifier", "name": 3, "label": "CELL_INCOMING_AREA_REFERENCES"}, "4": {"scores": {"recall_score": {"std": [0.12815196417562047], "mean": [0.22724489795918371]}, "precision_score": {"std": [0.014212382062094211], "mean": [0.029352855334415645]}}, "type": "classifier", "name": 4, "label": "CELL_INCOMING_CELL_REFERENCES"}, "5": {"scores": {"recall_score": {"std": [0.18736537927230376], "mean": [0.37421768707482994]}, "precision_score": {"std": [0.10548388304063842], "mean": [0.098632826015910335]}}, "type": "classifier", "name": 5, "label": "CELL_INCOMING_REFERENCES"}, "6": {"scores": {"recall_score": {"std": [0.13463291163842944], "mean": [0.32872023809523804]}, "precision_score": {"std": [0.1051445528531403], "mean": [0.17200724168373724]}}, "type": "classifier", "name": 6, "label": "CELL_INCOMING_REFERENCES_FROM_OTHER_WORKSHEETS"}, "7": {"scores": {"recall_score": {"std": [0.31375648228720465], "mean": [0.44680272108843538]}, "precision_score": {"std": [0.0081497108541036898], "mean": [0.03321911211452884]}}, "type": "classifier", "name": 7, "label": "CELL_ROW"}, "8": {"scores": {"recall_score": {"std": [0.056704924800016272], "mean": [0.13806972789115646]}, "precision_score": {"std": [0.011888411377297183], "mean": [0.033671969399879549]}}, "type": "classifier", "name": 8, "label": "CELL_STANDARD_DEVIATION_COLUMN"}, "9": {"scores": {"recall_score": {"std": [0.15667392114760806], "mean": [0.20708758503401359]}, "precision_score": {"std": [0.021827838124349363], "mean": [0.032730003995875757]}}, "type": "classifier", "name": 9, "label": "CELL_STANDARD_DEVIATION_ROW"}, "10": {"scores": {"recall_score": {"std": [0.18573124555597217], "mean": [0.3775382653061225]}, "precision_score": {"std": [0.033140779266654992], "mean": [0.069110156518368132]}}, "type": "classifier", "name": 10, "label": "CELL_SUCCESSORS"}, "11": {"scores": {"recall_score": {"std": [0.1273258422645418], "mean": [0.33183248299319729]}, "precision_score": {"std": [0.088810148096163929], "mean": [0.19127286536850982]}}, "type": "classifier", "name": 11, "label": "CELL_SUCCESSORS_IN_OTHER_WORKSHEETS"}, "12": {"scores": {"recall_score": {"std": [0.099574979794324198], "mean": [0.018312074829931971]}, "precision_score": {"std": [0.0044549106035199687], "mean": [0.0025279582241973242]}}, "type": "classifier", "name": 12, "label": "FORMULACELL_CONDITIONAL_CONSTRUCT_COMPLEXITY"}, "13": {"scores": {"recall_score": {"std": [0.099498743710661988], "mean": [0.01]}, "precision_score": {"std": [0.0028462095936303789], "mean": [0.00028605482717520859]}}, "type": "classifier", "name": 13, "label": "FORMULACELL_DISPERSION_OF_REFERENCES"}, "14": {"scores": {"recall_score": {"std": [0.323991057834491], "mean": [0.33886054421768708]}, "precision_score": {"std": [0.0078305306604335174], "mean": [0.019137838660093245]}}, "type": "classifier", "name": 14, "label": "FORMULACELL_LONGEST_CALCULATION_CHAIN"}, "15": {"scores": {"recall_score": {"std": [0.36572399453985349], "mean": [0.35948554421768697]}, "precision_score": {"std": [0.01443249113771757], "mean": [0.02443143146806127]}}, "type": "classifier", "name": 15, "label": "FORMULACELL_PREDECESSORS"}, "16": {"scores": {"recall_score": {"std": [0.19374451217747909], "mean": [0.18173469387755106]}, "precision_score": {"std": [0.0081976579237991575], "mean": [0.014916303506698213]}}, "type": "classifier", "name": 16, "label": "FORMULACELL_PREDECESSORS_DISTANT"}, "17": {"scores": {"recall_score": {"std": [0.025036660308066401], "mean": [0.031186224489795925]}, "precision_score": {"std": [0.0044718956450750308], "mean": [0.0055769807095902091]}}, "type": "classifier", "name": 17, "label": "FORMULACELL_PREDECESSORS_EMPTY"}, "18": {"scores": {"recall_score": {"std": [0.32487197019690028], "mean": [0.32314200680272109]}, "precision_score": {"std": [0.013870045860961218], "mean": [0.027679229920560152]}}, "type": "classifier", "name": 18, "label": "FORMULACELL_PREDECESSORS_IN_DIFFERENT_COLUMNS"}, "19": {"scores": {"recall_score": {"std": [0.18084888493026671], "mean": [0.20476615646258506]}, "precision_score": {"std": [0.0097481284291403309], "mean": [0.016810409675653455]}}, "type": "classifier", "name": 19, "label": "FORMULACELL_PREDECESSORS_IN_DIFFERENT_ROWS"}, "20": {"scores": {"recall_score": {"std": [0.0], "mean": [0.0]}, "precision_score": {"std": [0.0], "mean": [0.0]}}, "type": "classifier", "name": 20, "label": "FORMULACELL_PREDECESSORS_IN_OTHER_WORKSHEETS"}, "21": {"scores": {"recall_score": {"std": [0.098826841569041701], "mean": [0.25258503401360544]}, "precision_score": {"std": [0.033431996709860676], "mean": [0.066887625775986045]}}, "type": "classifier", "name": 21, "label": "FORMULACELL_PREDECESSORS_MIDDLEMAN"}, "22": {"scores": {"recall_score": {"std": [0.033077295686539269], "mean": [0.043231292517006817]}, "precision_score": {"std": [0.0032099301535900137], "mean": [0.0042235460108878574]}}, "type": "classifier", "name": 22, "label": "FORMULACELL_PREDECESSORS_REVERSE"}, "23": {"scores": {"recall_score": {"std": [0.032873279457409289], "mean": [0.062376700680272103]}, "precision_score": {"std": [0.0099223820751868433], "mean": [0.019199879583641725]}}, "type": "classifier", "name": 23, "label": "FORMULACELL_RANGE_HEIGHT_GROWTH_CUMMULATIVE"}, "24": {"scores": {"recall_score": {"std": [0.032770997910700275], "mean": [0.068630952380952376]}, "precision_score": {"std": [0.0076883287880768515], "mean": [0.016020991145116854]}}, "type": "classifier", "name": 24, "label": "FORMULACELL_RANGE_WIDTH_GROWTH_CUMMULATIVE"}, "25": {"scores": {"recall_score": {"std": [0.30002277140369271], "mean": [0.34594387755102035]}, "precision_score": {"std": [0.013148193033533512], "mean": [0.024583757374159722]}}, "type": "classifier", "name": 25, "label": "FORMULACELL_REACHABILITY"}, "26": {"scores": {"recall_score": {"std": [0.02895245051945107], "mean": [0.045727040816326524]}, "precision_score": {"std": [0.038229380884782144], "mean": [0.058459974419972464]}}, "type": "classifier", "name": 26, "label": "FORMULACELL_REACHABILITY_AVERAGE"}, "27": {"scores": {"recall_score": {"std": [0.0], "mean": [0.0]}, "precision_score": {"std": [0.0], "mean": [0.0]}}, "type": "classifier", "name": 27, "label": "FORMULACELL_REFERENCES_TO_OTHER_WORKSHEETS"}, "28": {"scores": {"recall_score": {"std": [0.34983562314926603], "mean": [0.3376615646258504]}, "precision_score": {"std": [0.0094410515352850478], "mean": [0.018597369118179469]}}, "type": "classifier", "name": 28, "label": "FORMULACELL_REFERENCE_DISTANCE"}, "29": {"scores": {"recall_score": {"std": [0.33898643996107047], "mean": [0.35845663265306127]}, "precision_score": {"std": [0.02345777764247713], "mean": [0.025960087544091858]}}, "type": "classifier", "name": 29, "label": "FORMULACELL_REFERENCE_SPREADING_COLUMN"}, "30": {"scores": {"recall_score": {"std": [0.14047504158578794], "mean": [0.30477891156462589]}, "precision_score": {"std": [0.014406947552344791], "mean": [0.030376599501891297]}}, "type": "classifier", "name": 30,