{"type": "classifier_comparision", "classifiers": {"0": {"scores": {"recall_score": {"std": [0.264235125358319], "mean": [0.8008518100398887]}, "precision_score": {"std": [0.0037785964671037263], "mean": [0.029684344279908622]}}, "type": "classifier", "name": 0, "label": "CELL_COLUMN"}, "1": {"scores": {"recall_score": {"std": [0.09854262394026872], "mean": [0.020665763528260706]}, "precision_score": {"std": [0.026648997803251508], "mean": [0.06497098363270197]}}, "type": "classifier", "name": 1, "label": "CELL_DISTANCE_TO_RELATIVE_COLUMN_BOOLEAN"}, "2": {"scores": {"recall_score": {"std": [0.020118470176225842], "mean": [0.14326458192217958]}, "precision_score": {"std": [0.0068924229612858023], "mean": [0.053142575096830943]}}, "type": "classifier", "name": 2, "label": "CELL_DISTANCE_TO_RELATIVE_ROW_BOOLEAN"}, "3": {"scores": {"recall_score": {"std": [0.32525111508959909], "mean": [0.57883830059456609]}, "precision_score": {"std": [0.0061796838869085423], "mean": [0.034304866977760418]}}, "type": "classifier", "name": 3, "label": "CELL_INCOMING_AREA_REFERENCES"}, "4": {"scores": {"recall_score": {"std": [0.10541649709001237], "mean": [0.26458986227139314]}, "precision_score": {"std": [0.0040681951108167283], "mean": [0.021214204912010017]}}, "type": "classifier", "name": 4, "label": "CELL_INCOMING_CELL_REFERENCES"}, "5": {"scores": {"recall_score": {"std": [0.39191425219146719], "mean": [0.73399224806201557]}, "precision_score": {"std": [0.0075363850726717641], "mean": [0.027341391913009386]}}, "type": "classifier", "name": 5, "label": "CELL_INCOMING_REFERENCES"}, "6": {"scores": {"recall_score": {"std": [0.030085484856821342], "mean": [0.094859148039437013]}, "precision_score": {"std": [0.0055597694289424059], "mean": [0.017610406265503233]}}, "type": "classifier", "name": 6, "label": "CELL_INCOMING_REFERENCES_FROM_OTHER_WORKSHEETS"}, "7": {"scores": {"recall_score": {"std": [0.28673402357392974], "mean": [0.83750331150748847]}, "precision_score": {"std": [0.0014501548345554319], "mean": [0.029223349929106416]}}, "type": "classifier", "name": 7, "label": "CELL_ROW"}, "8": {"scores": {"recall_score": {"std": [0.12316695660696547], "mean": [0.32204410325882443]}, "precision_score": {"std": [0.007563098473915288], "mean": [0.040729504804660789]}}, "type": "classifier", "name": 8, "label": "CELL_STANDARD_DEVIATION_COLUMN"}, "9": {"scores": {"recall_score": {"std": [0.047859653533188162], "mean": [0.22893162489651536]}, "precision_score": {"std": [0.0031543069200796066], "mean": [0.037139273358147602]}}, "type": "classifier", "name": 9, "label": "CELL_STANDARD_DEVIATION_ROW"}, "10": {"scores": {"recall_score": {"std": [0.38449652031732512], "mean": [0.7374829532625875]}, "precision_score": {"std": [0.0072360319816366118], "mean": [0.030024892861189451]}}, "type": "classifier", "name": 10, "label": "CELL_SUCCESSORS"}, "11": {"scores": {"recall_score": {"std": [0.016505505571650082], "mean": [0.097808045457966397]}, "precision_score": {"std": [0.0059013694781268949], "mean": [0.020746668151519817]}}, "type": "classifier", "name": 11, "label": "CELL_SUCCESSORS_IN_OTHER_WORKSHEETS"}, "12": {"scores": {"recall_score": {"std": [0.096050255126252496], "mean": [0.39854478061262888]}, "precision_score": {"std": [0.019692244693319108], "mean": [0.023693628667141212]}}, "type": "classifier", "name": 12, "label": "FORMULACELL_CONDITIONAL_CONSTRUCT_COMPLEXITY"}, "13": {"scores": {"recall_score": {"std": [0.012227219746040708], "mean": [0.08745363889516071]}, "precision_score": {"std": [0.0052020031320231868], "mean": [0.037653650523203283]}}, "type": "classifier", "name": 13, "label": "FORMULACELL_DISPERSION_OF_REFERENCES"}, "14": {"scores": {"recall_score": {"std": [0.27540592102929928], "mean": [0.84917614961992927]}, "precision_score": {"std": [0.0029430450387093968], "mean": [0.031188921581680761]}}, "type": "classifier", "name": 14, "label": "FORMULACELL_LONGEST_CALCULATION_CHAIN"}, "15": {"scores": {"recall_score": {"std": [0.32786300070605495], "mean": [0.79038131256115007]}, "precision_score": {"std": [0.0081090857390454466], "mean": [0.029663516975668259]}}, "type": "classifier", "name": 15, "label": "FORMULACELL_PREDECESSORS"}, "16": {"scores": {"recall_score": {"std": [0.24989311326819585], "mean": [0.71584187551742284]}, "precision_score": {"std": [0.005471515036066979], "mean": [0.033808368034249629]}}, "type": "classifier", "name": 16, "label": "FORMULACELL_PREDECESSORS_DISTANT"}, "17": {"scores": {"recall_score": {"std": [0.00093013147324099918], "mean": [0.0005817716565063595]}, "precision_score": {"std": [0.0083267668366786788], "mean": [0.005162530584006968]}}, "type": "classifier", "name": 17, "label": "FORMULACELL_PREDECESSORS_EMPTY"}, "18": {"scores": {"recall_score": {"std": [0.32299005155843186], "mean": [0.753342929178897]}, "precision_score": {"std": [0.010253267530712077], "mean": [0.029960157925938022]}}, "type": "classifier", "name": 18, "label": "FORMULACELL_PREDECESSORS_IN_DIFFERENT_COLUMNS"}, "19": {"scores": {"recall_score": {"std": [0.32857667314090067], "mean": [0.74593629111161297]}, "precision_score": {"std": [0.0089111960653901947], "mean": [0.030496592092826194]}}, "type": "classifier", "name": 19, "label": "FORMULACELL_PREDECESSORS_IN_DIFFERENT_ROWS"}, "20": {"scores": {"recall_score": {"std": [0.010934351482427027], "mean": [0.071359712500940767]}, "precision_score": {"std": [0.0036537781135066558], "mean": [0.023947909099425995]}}, "type": "classifier", "name": 20, "label": "FORMULACELL_PREDECESSORS_IN_OTHER_WORKSHEETS"}, "21": {"scores": {"recall_score": {"std": [0.014592724118790708], "mean": [0.08859870550161815]}, "precision_score": {"std": [0.0088740895536734959], "mean": [0.023920649200047307]}}, "type": "classifier", "name": 21, "label": "FORMULACELL_PREDECESSORS_MIDDLEMAN"}, "22": {"scores": {"recall_score": {"std": [0.055176785219057362], "mean": [0.20242368480469633]}, "precision_score": {"std": [0.0024988203426294202], "mean": [0.02192877067201196]}}, "type": "classifier", "name": 22, "label": "FORMULACELL_PREDECESSORS_REVERSE"}, "23": {"scores": {"recall_score": {"std": [0.0023108424871829173], "mean": [0.0027146458944833298]}, "precision_score": {"std": [0.0048450589235932186], "mean": [0.0057366946090451412]}}, "type": "classifier", "name": 23, "label": "FORMULACELL_RANGE_HEIGHT_GROWTH_CUMMULATIVE"}, "24": {"scores": {"recall_score": {"std": [0.00058184721009108193], "mean": [0.00019394897268006322]}, "precision_score": {"std": [0.00013318675971008483], "mean": [4.4391230935280219e-05]}}, "type": "classifier", "name": 24, "label": "FORMULACELL_RANGE_WIDTH_GROWTH_CUMMULATIVE"}, "25": {"scores": {"recall_score": {"std": [0.27188346339778557], "mean": [0.82014709866787106]}, "precision_score": {"std": [0.0054229027504474015], "mean": [0.028768104258436424]}}, "type": "classifier", "name": 25, "label": "FORMULACELL_REACHABILITY"}, "26": {"scores": {"recall_score": {"std": [0.17042795987010551], "mean": [0.030930834650410181]}, "precision_score": {"std": [0.068222701439087569], "mean": [0.047732611818580135]}}, "type": "classifier", "name": 26, "label": "FORMULACELL_REACHABILITY_AVERAGE"}, "27": {"scores": {"recall_score": {"std": [0.017728651215523205], "mean": [0.10985165951682095]}, "precision_score": {"std": [0.016821692817390443], "mean": [0.035918730846636528]}}, "type": "classifier", "name": 27, "label": "FORMULACELL_REFERENCES_TO_OTHER_WORKSHEETS"}, "28": {"scores": {"recall_score": {"std": [0.2621976747201713], "mean": [0.82495439151049899]}, "precision_score": {"std": [0.0039048318236716752], "mean": [0.03100760074113762]}}, "type": "classifier", "name": 28, "label": "FORMULACELL_REFERENCE_DISTANCE"}, "29": {"scores": {"recall_score": {"std": [0.25380176744855182], "mean": [0.80131647474975543]}, "precision_score": {"std": [0.0072407174271037402], "mean": [0.032976877335194353]}}, "type": "classifier", "name": 29, "label": "FORMULACELL_REFERENCE_SPREADING_COLUMN"},