{"scores": {"recall_score": {"std": [0.026792522552850698], "values": [0.97959183673469385, 0.97916666666666663, 0.91666666666666663, 0.9375, 1.0, 0.89583333333333337, 0.95833333333333337, 0.97916666666666663, 0.9375, 0.97916666666666663, 0.97959183673469385, 0.91666666666666663, 0.95833333333333337, 0.95833333333333337, 0.9375, 0.89583333333333337, 0.95833333333333337, 1.0, 0.9375, 0.95833333333333337, 0.97959183673469385, 0.91666666666666663, 0.97916666666666663, 0.9375, 0.97916666666666663, 0.97916666666666663, 0.97916666666666663, 0.97916666666666663, 0.9375, 0.97916666666666663, 0.91836734693877553, 0.95833333333333337, 0.9375, 0.91666666666666663, 0.97916666666666663, 0.95833333333333337, 0.9375, 0.97916666666666663, 0.9375, 0.9375, 0.93877551020408168, 1.0, 0.9375, 0.95833333333333337, 0.95833333333333337, 0.9375, 0.9375, 0.95833333333333337, 0.97916666666666663, 0.9375, 0.91836734693877553, 0.95833333333333337, 0.97916666666666663, 0.91666666666666663, 0.95833333333333337, 0.9375, 0.9375, 0.97916666666666663, 1.0, 0.95833333333333337, 0.97959183673469385, 0.95833333333333337, 0.95833333333333337, 0.85416666666666663, 0.95833333333333337, 0.97916666666666663, 0.9375, 0.97916666666666663, 0.9375, 0.97916666666666663, 0.95918367346938771, 0.97916666666666663, 0.91666666666666663, 0.97916666666666663, 0.97916666666666663, 0.91666666666666663, 0.95833333333333337, 0.97916666666666663, 0.95833333333333337, 0.95833333333333337, 0.91836734693877553, 0.97916666666666663, 0.9375, 0.95833333333333337, 0.97916666666666663, 0.9375, 0.95833333333333337, 0.95833333333333337, 0.97916666666666663, 0.95833333333333337, 0.97959183673469385, 0.95833333333333337, 0.9375, 1.0, 0.97916666666666663, 0.95833333333333337, 0.89583333333333337, 0.95833333333333337, 0.97916666666666663, 0.91666666666666663], "mean": [0.95488520408163269]}, "precision_score": {"std": [0.032211172097302308], "values": [0.97959183673469385, 0.93999999999999995, 1.0, 0.95744680851063835, 0.97959183673469385, 1.0, 0.97872340425531912, 0.93999999999999995, 0.95744680851063835, 0.97916666666666663, 0.94117647058823528, 0.95652173913043481, 0.97872340425531912, 1.0, 0.95744680851063835, 0.97727272727272729, 0.90196078431372551, 0.92307692307692313, 0.97826086956521741, 0.92000000000000004, 0.94117647058823528, 0.97777777777777775, 0.95918367346938771, 0.97826086956521741, 0.95918367346938771, 0.97916666666666663, 0.95918367346938771, 0.97916666666666663, 0.95744680851063835, 0.93999999999999995, 0.9375, 0.97872340425531912, 0.95744680851063835, 1.0, 0.95918367346938771, 0.97872340425531912, 0.97826086956521741, 0.92156862745098034, 0.84905660377358494, 1.0, 0.95833333333333337, 0.95999999999999996, 0.95744680851063835, 0.95833333333333337, 1.0, 0.97826086956521741, 0.95744680851063835, 0.97872340425531912, 1.0, 0.95744680851063835, 0.95744680851063835, 0.97872340425531912, 1.0, 0.97777777777777775, 0.88461538461538458, 0.91836734693877553, 0.9375, 0.95918367346938771, 0.94117647058823528, 0.97872340425531912, 0.97959183673469385, 0.95833333333333337, 0.97872340425531912, 0.95348837209302328, 0.88461538461538458, 0.90384615384615385, 0.97826086956521741, 0.93999999999999995, 0.97826086956521741, 0.93999999999999995, 0.95918367346938771, 1.0, 0.93617021276595747, 1.0, 1.0, 0.97777777777777775, 0.97872340425531912, 0.90384615384615385, 0.95833333333333337, 0.97872340425531912, 0.9375, 1.0, 0.88235294117647056, 0.95833333333333337, 0.92156862745098034, 0.91836734693877553, 0.97872340425531912, 0.95833333333333337, 0.93999999999999995, 0.88461538461538458, 0.97959183673469385, 0.90196078431372551, 0.97826086956521741, 0.94117647058823528, 0.97916666666666663, 0.95833333333333337, 0.97727272727272729, 0.86792452830188682, 0.97916666666666663, 0.91666666666666663], "mean": [0.95724115500944662]}}, "type": "classifier", "name": "AdaBoostClassifier", "dataset_name": "ENRON", "label": "AdaBoostClassifier"}