{"scores": {"recall_score": {"std": [0.05917250262529785], "values": [0.40845070422535212, 0.36619718309859156, 0.57746478873239437, 0.60563380281690138, 0.352112676056338, 0.5, 0.48571428571428571, 0.42857142857142855, 0.44285714285714284, 0.45714285714285713, 0.54929577464788737, 0.53521126760563376, 0.57746478873239437, 0.47887323943661969, 0.46478873239436619, 0.42857142857142855, 0.5, 0.41428571428571431, 0.42857142857142855, 0.48571428571428571, 0.46478873239436619, 0.40845070422535212, 0.54929577464788737, 0.3380281690140845, 0.59154929577464788, 0.47142857142857142, 0.51428571428571423, 0.48571428571428571, 0.42857142857142855, 0.47142857142857142, 0.46478873239436619, 0.46478873239436619, 0.50704225352112675, 0.39436619718309857, 0.54929577464788737, 0.5, 0.54285714285714282, 0.42857142857142855, 0.38571428571428573, 0.42857142857142855, 0.43661971830985913, 0.49295774647887325, 0.43661971830985913, 0.36619718309859156, 0.56338028169014087, 0.5, 0.45714285714285713, 0.5, 0.42857142857142855, 0.48571428571428571, 0.50704225352112675, 0.56338028169014087, 0.45070422535211269, 0.42253521126760563, 0.43661971830985913, 0.42857142857142855, 0.54285714285714282, 0.32857142857142857, 0.37142857142857144, 0.51428571428571423, 0.47887323943661969, 0.50704225352112675, 0.45070422535211269, 0.46478873239436619, 0.43661971830985913, 0.51428571428571423, 0.44285714285714284, 0.5, 0.38571428571428573, 0.48571428571428571, 0.46478873239436619, 0.46478873239436619, 0.47887323943661969, 0.50704225352112675, 0.59154929577464788, 0.48571428571428571, 0.5, 0.5, 0.47142857142857142, 0.38571428571428573, 0.46478873239436619, 0.60563380281690138, 0.38028169014084506, 0.38028169014084506, 0.52112676056338025, 0.42857142857142855, 0.42857142857142855, 0.41428571428571431, 0.52857142857142858, 0.42857142857142855, 0.45070422535211269, 0.40845070422535212, 0.43661971830985913, 0.49295774647887325, 0.52112676056338025, 0.48571428571428571, 0.42857142857142855, 0.52857142857142858, 0.5, 0.45714285714285713], "mean": [0.46916700201207251]}, "precision_score": {"std": [0.053995697952274345], "values": [0.8529411764705882, 0.89655172413793105, 0.91111111111111109, 0.93478260869565222, 0.73529411764705888, 0.875, 0.91891891891891897, 0.7142857142857143, 0.81578947368421051, 0.86486486486486491, 0.88636363636363635, 0.84444444444444444, 0.91111111111111109, 0.89473684210526316, 0.80487804878048785, 0.90909090909090906, 0.81395348837209303, 0.8529411764705882, 0.83333333333333337, 0.89473684210526316, 0.75, 0.8529411764705882, 0.9285714285714286, 0.77419354838709675, 0.8571428571428571, 0.91666666666666663, 0.90000000000000002, 0.84999999999999998, 0.8571428571428571, 0.84615384615384615, 0.91666666666666663, 0.89189189189189189, 0.90000000000000002, 0.82352941176470584, 0.88636363636363635, 0.89743589743589747, 0.82608695652173914, 0.81081081081081086, 0.77142857142857146, 0.90909090909090906, 0.77500000000000002, 0.89743589743589747, 0.88571428571428568, 0.83870967741935487, 0.81632653061224492, 0.875, 0.88888888888888884, 0.94594594594594594, 0.9375, 0.84999999999999998, 0.87804878048780488, 0.90909090909090906, 0.82051282051282048, 0.9375, 0.83783783783783783, 0.8571428571428571, 0.88372093023255816, 0.76666666666666672, 0.8125, 0.94736842105263153, 0.94444444444444442, 0.90000000000000002, 0.88888888888888884, 0.7857142857142857, 0.91176470588235292, 0.87804878048780488, 0.88571428571428568, 0.89743589743589747, 0.79411764705882348, 0.91891891891891897, 0.89189189189189189, 0.80487804878048785, 0.84999999999999998, 0.92307692307692313, 0.8936170212765957, 0.82926829268292679, 0.94594594594594594, 0.94594594594594594, 0.86842105263157898, 0.87096774193548387, 0.97058823529411764, 0.91489361702127658, 0.84375, 0.87096774193548387, 0.90243902439024393, 0.81081081081081086, 0.81081081081081086, 0.82857142857142863, 0.84090909090909094, 1.0, 0.94117647058823528, 0.80555555555555558, 0.93939393939393945, 0.89743589743589747, 0.94871794871794868, 0.87179487179487181, 0.83333333333333337, 0.86046511627906974, 0.89743589743589747, 0.82051282051282048], "mean": [0.86930780453048384]}}, "type": "classifier", "name": "RandomForestClassifier", "dataset_name": "EUSES", "label": "RandomForestClassifier"}