{"scores": {"recall_score": {"std": [0.025302299058328582], "values": [0.89795918367346939, 0.9375, 0.97916666666666663, 0.95833333333333337, 0.97916666666666663, 0.9375, 0.97916666666666663, 0.95833333333333337, 0.95833333333333337, 0.95833333333333337, 0.97959183673469385, 0.97916666666666663, 0.95833333333333337, 0.95833333333333337, 0.95833333333333337, 0.9375, 0.9375, 1.0, 0.9375, 0.9375, 0.97959183673469385, 0.89583333333333337, 0.95833333333333337, 0.97916666666666663, 0.97916666666666663, 0.97916666666666663, 0.95833333333333337, 0.95833333333333337, 0.95833333333333337, 0.97916666666666663, 0.97959183673469385, 0.95833333333333337, 0.97916666666666663, 0.89583333333333337, 0.9375, 0.97916666666666663, 0.95833333333333337, 0.9375, 0.9375, 0.95833333333333337, 0.93877551020408168, 1.0, 0.95833333333333337, 0.95833333333333337, 0.95833333333333337, 0.95833333333333337, 0.97916666666666663, 0.9375, 0.97916666666666663, 0.91666666666666663, 0.97959183673469385, 0.9375, 0.95833333333333337, 0.95833333333333337, 0.95833333333333337, 0.95833333333333337, 1.0, 0.91666666666666663, 1.0, 0.95833333333333337, 0.97959183673469385, 1.0, 0.9375, 0.91666666666666663, 0.91666666666666663, 0.95833333333333337, 0.97916666666666663, 1.0, 0.9375, 0.97916666666666663, 0.97959183673469385, 1.0, 0.95833333333333337, 0.97916666666666663, 0.91666666666666663, 0.91666666666666663, 0.95833333333333337, 0.97916666666666663, 0.91666666666666663, 0.9375, 0.95918367346938771, 1.0, 0.9375, 0.95833333333333337, 0.97916666666666663, 0.97916666666666663, 0.97916666666666663, 0.95833333333333337, 0.95833333333333337, 0.89583333333333337, 0.95918367346938771, 0.95833333333333337, 0.9375, 0.97916666666666663, 1.0, 0.95833333333333337, 0.91666666666666663, 0.95833333333333337, 0.95833333333333337, 0.9375], "mean": [0.95799319727891163]}, "precision_score": {"std": [0.017227732942875804], "values": [0.22, 0.21428571428571427, 0.19502074688796681, 0.20000000000000001, 0.20796460176991149, 0.20642201834862386, 0.188, 0.20353982300884957, 0.25555555555555554, 0.19827586206896552, 0.21917808219178081, 0.21658986175115208, 0.22330097087378642, 0.22660098522167488, 0.21004566210045661, 0.21126760563380281, 0.21226415094339623, 0.21818181818181817, 0.21951219512195122, 0.19313304721030042, 0.23880597014925373, 0.19634703196347031, 0.2072072072072072, 0.18503937007874016, 0.24607329842931938, 0.23039215686274508, 0.22009569377990432, 0.19327731092436976, 0.21100917431192662, 0.23267326732673269, 0.21719457013574661, 0.18775510204081633, 0.20258620689655171, 0.23497267759562843, 0.21531100478468901, 0.22705314009661837, 0.1796875, 0.21634615384615385, 0.21428571428571427, 0.21698113207547171, 0.20814479638009051, 0.19672131147540983, 0.19913419913419914, 0.20087336244541484, 0.23589743589743589, 0.24864864864864866, 0.19665271966527198, 0.20737327188940091, 0.21759259259259259, 0.20952380952380953, 0.21719457013574661, 0.22959183673469388, 0.18253968253968253, 0.18852459016393441, 0.21100917431192662, 0.19658119658119658, 0.24242424242424243, 0.22797927461139897, 0.21428571428571427, 0.21495327102803738, 0.23529411764705882, 0.22641509433962265, 0.20454545454545456, 0.21359223300970873, 0.18965517241379309, 0.20175438596491227, 0.23039215686274508, 0.20960698689956331, 0.21428571428571427, 0.21559633027522937, 0.23529411764705882, 0.23414634146341465, 0.23589743589743589, 0.21076233183856502, 0.18333333333333332, 0.19909502262443438, 0.18473895582329317, 0.20085470085470086, 0.22, 0.18595041322314049, 0.2088888888888889, 0.23529411764705882, 0.20270270270270271, 0.23958333333333334, 0.22380952380952382, 0.18875502008032127, 0.22488038277511962, 0.21800947867298578, 0.19008264462809918, 0.1799163179916318, 0.22065727699530516, 0.19742489270386265, 0.17716535433070865, 0.19747899159663865, 0.21818181818181817, 0.23834196891191708, 0.2233502538071066, 0.21004566210045661, 0.18699186991869918, 0.21428571428571427], "mean": [0.21184934596726684]}}, "type": "classifier", "name": "SGDClassifier", "dataset_name": "ENRON", "label": "SGDClassifier"}