{"scores": {"recall_score": {"std": [0.043125241860338281], "values": [0.85915492957746475, 0.80281690140845074, 0.91549295774647887, 0.90140845070422537, 0.90140845070422537, 0.88571428571428568, 0.8571428571428571, 0.88571428571428568, 0.77142857142857146, 0.9285714285714286, 0.88732394366197187, 0.88732394366197187, 0.91549295774647887, 0.94366197183098588, 0.94366197183098588, 0.87142857142857144, 0.87142857142857144, 0.80000000000000004, 0.80000000000000004, 0.90000000000000002, 0.92957746478873238, 0.90140845070422537, 0.88732394366197187, 0.85915492957746475, 0.87323943661971826, 0.88571428571428568, 0.84285714285714286, 0.87142857142857144, 0.87142857142857144, 0.82857142857142863, 0.84507042253521125, 0.85915492957746475, 0.92957746478873238, 0.84507042253521125, 0.91549295774647887, 0.82857142857142863, 0.94285714285714284, 0.84285714285714286, 0.8571428571428571, 0.88571428571428568, 0.85915492957746475, 0.88732394366197187, 0.88732394366197187, 0.92957746478873238, 0.91549295774647887, 0.8571428571428571, 0.87142857142857144, 0.94285714285714284, 0.8571428571428571, 0.82857142857142863, 0.85915492957746475, 0.90140845070422537, 0.87323943661971826, 0.91549295774647887, 0.88732394366197187, 0.8571428571428571, 0.87142857142857144, 0.82857142857142863, 0.82857142857142863, 0.84285714285714286, 0.85915492957746475, 0.84507042253521125, 0.88732394366197187, 0.87323943661971826, 0.92957746478873238, 0.91428571428571426, 0.87142857142857144, 0.90000000000000002, 0.88571428571428568, 0.84285714285714286, 0.83098591549295775, 0.88732394366197187, 0.85915492957746475, 0.91549295774647887, 0.92957746478873238, 0.90000000000000002, 0.94285714285714284, 0.88571428571428568, 0.82857142857142863, 0.80000000000000004, 0.78873239436619713, 0.87323943661971826, 0.88732394366197187, 0.971830985915493, 0.88732394366197187, 0.91428571428571426, 0.7142857142857143, 0.8571428571428571, 0.91428571428571426, 0.88571428571428568, 0.80281690140845074, 0.78873239436619713, 0.90140845070422537, 0.92957746478873238, 0.84507042253521125, 0.88571428571428568, 0.82857142857142863, 0.88571428571428568, 0.88571428571428568, 0.9285714285714286], "mean": [0.8749698189134808]}, "precision_score": {"std": [0.00099130484026947871], "values": [0.015303562468640241, 0.012450851900393184, 0.013882956001708672, 0.013946393549792983, 0.013422818791946308, 0.012017832913355302, 0.013645667500568569, 0.013753327417923691, 0.012714857546503415, 0.013449203393337472, 0.014671634839310665, 0.0147024504084014, 0.011944138184490995, 0.013946711074104912, 0.014319298995511862, 0.013549533540648601, 0.013942857142857142, 0.011970927746900385, 0.012134344528710726, 0.010967966573816155, 0.014141847010927791, 0.014187541565063178, 0.014623955431754874, 0.012774869109947644, 0.015461346633416459, 0.013088452607135318, 0.014124970074215945, 0.015897836851707065, 0.013409540558364475, 0.013554568824491704, 0.013029315960912053, 0.013892051924390799, 0.012359550561797753, 0.013828070984097718, 0.013888888888888888, 0.014215686274509804, 0.012875536480686695, 0.013108198178182626, 0.01265022137887413, 0.014302191464821222, 0.012343180898421692, 0.013387165320866978, 0.015265325902592683, 0.013764337851929093, 0.0124712202609363, 0.01245071591616518, 0.012937433722163308, 0.013549579141859988, 0.012798634812286689, 0.013935607880826525, 0.013495575221238938, 0.015436565364206465, 0.014719848053181387, 0.014032815198618308, 0.01496437054631829, 0.015499870834409714, 0.012642487046632124, 0.014445828144458281, 0.013373299515794327, 0.012407991587802314, 0.014527268397237437, 0.013892104653855059, 0.013522215067611075, 0.01195526417277285, 0.014169171318162302, 0.014153029632905795, 0.013339164662147386, 0.01417004048582996, 0.013572679509632224, 0.012588009387668018, 0.011485302705859452, 0.013307984790874524, 0.012017336485421592, 0.013251783893985729, 0.015168926683521029, 0.014992860542598763, 0.014524647887323943, 0.013370713823592841, 0.01233517652062952, 0.013307984790874524, 0.012669683257918552, 0.014168190127970749, 0.013347457627118644, 0.01507537688442211, 0.013138686131386862, 0.011962616822429906, 0.013192612137203167, 0.012784998934583422, 0.012683313515655966, 0.013698630136986301, 0.01350071056371388, 0.01231581262370794, 0.013269749118805723, 0.014075495841330775, 0.015592515592515593, 0.013826940231935772, 0.013007400762502803, 0.013454861111111112, 0.014421958595022098, 0.013094278807413377], "mean": [0.013550067827400558]}}, "type": "classifier", "name": "SGDClassifier", "dataset_name": "EUSES", "label": "SGDClassifier"}