{"scores": {"recall_score": {"std": [0.02784039447974506], "values": [1.0, 0.9791666666666666, 0.9166666666666666, 0.9375, 1.0, 0.8958333333333334, 0.9375, 0.9583333333333334, 0.9583333333333334, 0.9791666666666666, 0.9795918367346939, 0.9375, 0.9583333333333334, 0.9375, 0.9583333333333334, 0.9166666666666666, 0.9583333333333334, 1.0, 0.9375, 0.9791666666666666, 0.9795918367346939, 0.8958333333333334, 0.9791666666666666, 0.9583333333333334, 0.9791666666666666, 1.0, 0.9791666666666666, 0.9791666666666666, 0.8958333333333334, 0.9791666666666666, 0.9387755102040817, 0.9583333333333334, 0.9583333333333334, 0.9583333333333334, 0.9791666666666666, 0.9583333333333334, 0.9583333333333334, 0.9791666666666666, 0.9166666666666666, 0.9583333333333334, 0.9795918367346939, 1.0, 0.9583333333333334, 0.9583333333333334, 0.9791666666666666, 0.8958333333333334, 0.9375, 0.9583333333333334, 0.9583333333333334, 0.9375, 0.9183673469387755, 0.9791666666666666, 0.9791666666666666, 0.9166666666666666, 0.9791666666666666, 0.9375, 0.9583333333333334, 0.9583333333333334, 0.9791666666666666, 0.9583333333333334, 0.9795918367346939, 0.9583333333333334, 0.9583333333333334, 0.8541666666666666, 0.9791666666666666, 0.9791666666666666, 0.9375, 1.0, 0.9583333333333334, 0.9791666666666666, 0.9591836734693877, 0.9791666666666666, 0.9375, 0.9583333333333334, 0.9791666666666666, 0.8958333333333334, 0.9583333333333334, 0.9791666666666666, 0.9583333333333334, 0.9583333333333334, 0.9387755102040817, 1.0, 0.9583333333333334, 0.9583333333333334, 0.9791666666666666, 0.9375, 0.9583333333333334, 0.9375, 0.9375, 0.9791666666666666, 0.9795918367346939, 0.9583333333333334, 0.9583333333333334, 1.0, 0.9791666666666666, 0.9375, 0.8958333333333334, 0.9791666666666666, 0.9791666666666666, 0.9375], "mean": [0.9577806122448981]}, "precision_score": {"std": [0.020368010837203222], "values": [1.0, 0.9791666666666666, 1.0, 0.9375, 0.9795918367346939, 1.0, 1.0, 0.9787234042553191, 0.9787234042553191, 0.9791666666666666, 0.9795918367346939, 1.0, 1.0, 1.0, 0.9787234042553191, 0.9777777777777777, 0.9787234042553191, 0.9795918367346939, 0.9782608695652174, 0.9591836734693877, 0.9795918367346939, 0.9772727272727273, 0.8867924528301887, 1.0, 0.9791666666666666, 1.0, 1.0, 1.0, 1.0, 0.9591836734693877, 1.0, 0.9787234042553191, 0.9787234042553191, 1.0, 0.94, 1.0, 0.9583333333333334, 1.0, 1.0, 0.9787234042553191, 1.0, 1.0, 1.0, 0.9583333333333334, 0.9591836734693877, 1.0, 1.0, 0.9583333333333334, 1.0, 0.9375, 1.0, 0.9791666666666666, 1.0, 1.0, 0.9791666666666666, 0.9574468085106383, 1.0, 0.9583333333333334, 0.9591836734693877, 1.0, 1.0, 0.9787234042553191, 0.9787234042553191, 1.0, 0.94, 0.9591836734693877, 1.0, 0.9795918367346939, 1.0, 0.9791666666666666, 1.0, 0.9791666666666666, 0.9782608695652174, 1.0, 1.0, 0.9772727272727273, 1.0, 1.0, 0.9387755102040817, 1.0, 0.9787234042553191, 1.0, 0.9583333333333334, 0.9787234042553191, 0.9791666666666666, 1.0, 1.0, 0.9782608695652174, 0.9574468085106383, 0.9591836734693877, 0.9795918367346939, 1.0, 1.0, 0.96, 0.9791666666666666, 1.0, 0.9772727272727273, 0.9591836734693877, 1.0, 0.9782608695652174], "mean": [0.9824006186608142]}}, "type": "classifier", "name": "RandomForestClassifier", "dataset_name": "INFO1+EUSES+ENRON", "label": "RandomForestClassifier"}