{"scores": {"recall_score": {"std": [0.01837663715676123], "values": [0.7829457364341085, 0.8158914728682171, 0.8178294573643411, 0.7829457364341085, 0.7906976744186046, 0.8178294573643411, 0.813953488372093, 0.8174757281553398, 0.8271844660194175, 0.7961165048543689, 0.8178294573643411, 0.8197674418604651, 0.7926356589147286, 0.7655038759689923, 0.7945736434108527, 0.7848837209302325, 0.812015503875969, 0.8097087378640777, 0.829126213592233, 0.7728155339805826, 0.7829457364341085, 0.8062015503875969, 0.8313953488372093, 0.8062015503875969, 0.810077519379845, 0.7887596899224806, 0.8042635658914729, 0.8, 0.7786407766990291, 0.8213592233009709, 0.8158914728682171, 0.810077519379845, 0.7887596899224806, 0.8372093023255814, 0.8178294573643411, 0.7693798449612403, 0.810077519379845, 0.7631067961165049, 0.8252427184466019, 0.8038834951456311, 0.8042635658914729, 0.7906976744186046, 0.8081395348837209, 0.8062015503875969, 0.8081395348837209, 0.7926356589147286, 0.8624031007751938, 0.7883495145631068, 0.8058252427184466, 0.7980582524271844, 0.7655038759689923, 0.8255813953488372, 0.8197674418604651, 0.8081395348837209, 0.7848837209302325, 0.8313953488372093, 0.813953488372093, 0.8116504854368932, 0.8058252427184466, 0.7941747572815534, 0.810077519379845, 0.8158914728682171, 0.8003875968992248, 0.8003875968992248, 0.8023255813953488, 0.7868217054263565, 0.7926356589147286, 0.8019417475728156, 0.8116504854368932, 0.7902912621359224, 0.7906976744186046, 0.8178294573643411, 0.8178294573643411, 0.7693798449612403, 0.7829457364341085, 0.8313953488372093, 0.7732558139534884, 0.7883495145631068, 0.8097087378640777, 0.8213592233009709, 0.8313953488372093, 0.8197674418604651, 0.7771317829457365, 0.7616279069767442, 0.8081395348837209, 0.812015503875969, 0.813953488372093, 0.7961165048543689, 0.7883495145631068, 0.8155339805825242, 0.8023255813953488, 0.7926356589147286, 0.8081395348837209, 0.8178294573643411, 0.8003875968992248, 0.7848837209302325, 0.813953488372093, 0.8038834951456311, 0.7922330097087379, 0.7631067961165049], "mean": [0.8027719199217279]}, "precision_score": {"std": [0.014093833928946533], "values": [0.7227191413237924, 0.7464539007092199, 0.7495559502664298, 0.7412844036697248, 0.7418181818181818, 0.7469026548672566, 0.7446808510638298, 0.750445632798574, 0.7408695652173913, 0.7620817843866171, 0.7213675213675214, 0.7635379061371841, 0.7409420289855072, 0.7301293900184843, 0.7550644567219152, 0.7486136783733827, 0.7415929203539823, 0.7393617021276596, 0.7530864197530864, 0.7223230490018149, 0.7666034155597723, 0.7536231884057971, 0.7358490566037735, 0.7234782608695652, 0.7282229965156795, 0.7523105360443623, 0.7656826568265682, 0.7436823104693141, 0.723826714801444, 0.7473498233215548, 0.7283737024221453, 0.7450980392156863, 0.7440585009140768, 0.7422680412371134, 0.7576301615798923, 0.728440366972477, 0.7307692307692307, 0.7616279069767442, 0.7378472222222222, 0.7610294117647058, 0.7384341637010676, 0.7132867132867133, 0.7380530973451327, 0.7375886524822695, 0.7202072538860104, 0.7303571428571428, 0.7698961937716263, 0.7748091603053435, 0.7306338028169014, 0.7784090909090909, 0.7342007434944238, 0.7220338983050848, 0.7293103448275862, 0.775092936802974, 0.7527881040892194, 0.7409326424870466, 0.7355516637478109, 0.7398230088495575, 0.7384341637010676, 0.7396021699819169, 0.7572463768115942, 0.7585585585585586, 0.7509090909090909, 0.7441441441441441, 0.7314487632508834, 0.7341772151898734, 0.7532228360957642, 0.7375, 0.7424511545293073, 0.7241992882562278, 0.7569573283858998, 0.7275862068965517, 0.7288428324697754, 0.7257769652650823, 0.7608286252354048, 0.7383820998278829, 0.7402597402597403, 0.7617260787992496, 0.7354497354497355, 0.7513321492007105, 0.7409326424870466, 0.7704918032786885, 0.7251356238698011, 0.7528735632183908, 0.748653500897666, 0.7415929203539823, 0.726643598615917, 0.7256637168141593, 0.7476979742173112, 0.7513416815742398, 0.7212543554006968, 0.7238938053097345, 0.7568058076225045, 0.74822695035461, 0.7468354430379747, 0.7377049180327869, 0.7486631016042781, 0.7340425531914894, 0.7458866544789763, 0.767578125], "mean": [0.743029655589974]}}, "type": "classifier", "name": "RandomForestClassifier", "dataset_name": "ENRON+EUSES+INFO1", "label": "RandomForestClassifier"}