{"scores": {"recall_score": {"std": [0.059808356072142695], "values": [0.4225352112676056, 0.38028169014084506, 0.5492957746478874, 0.49295774647887325, 0.38028169014084506, 0.5571428571428572, 0.5142857142857142, 0.38571428571428573, 0.4857142857142857, 0.45714285714285713, 0.4788732394366197, 0.49295774647887325, 0.5492957746478874, 0.4507042253521127, 0.4788732394366197, 0.38571428571428573, 0.4857142857142857, 0.3142857142857143, 0.42857142857142855, 0.45714285714285713, 0.49295774647887325, 0.4225352112676056, 0.4788732394366197, 0.323943661971831, 0.6056338028169014, 0.5, 0.42857142857142855, 0.5571428571428572, 0.38571428571428573, 0.45714285714285713, 0.4647887323943662, 0.43661971830985913, 0.4788732394366197, 0.4084507042253521, 0.5915492957746479, 0.5285714285714286, 0.4714285714285714, 0.45714285714285713, 0.45714285714285713, 0.45714285714285713, 0.4225352112676056, 0.5070422535211268, 0.49295774647887325, 0.39436619718309857, 0.5211267605633803, 0.5285714285714286, 0.4142857142857143, 0.5285714285714286, 0.4, 0.45714285714285713, 0.4788732394366197, 0.5633802816901409, 0.4507042253521127, 0.4225352112676056, 0.49295774647887325, 0.45714285714285713, 0.4857142857142857, 0.3142857142857143, 0.42857142857142855, 0.4857142857142857, 0.5352112676056338, 0.49295774647887325, 0.4647887323943662, 0.49295774647887325, 0.4084507042253521, 0.5285714285714286, 0.44285714285714284, 0.5142857142857142, 0.4, 0.5, 0.39436619718309857, 0.4788732394366197, 0.4788732394366197, 0.5352112676056338, 0.5352112676056338, 0.5, 0.4714285714285714, 0.5142857142857142, 0.44285714285714284, 0.38571428571428573, 0.5211267605633803, 0.6056338028169014, 0.4084507042253521, 0.39436619718309857, 0.5211267605633803, 0.4, 0.42857142857142855, 0.45714285714285713, 0.5285714285714286, 0.44285714285714284, 0.4225352112676056, 0.352112676056338, 0.39436619718309857, 0.43661971830985913, 0.5211267605633803, 0.4142857142857143, 0.4714285714285714, 0.5428571428571428, 0.5142857142857142, 0.44285714285714284], "mean": [0.4653541247484909]}, "precision_score": {"std": [0.0636794299661015], "values": [0.7692307692307693, 0.84375, 0.78, 0.9210526315789473, 0.6923076923076923, 0.8125, 0.8780487804878049, 0.75, 0.8292682926829268, 0.8888888888888888, 0.7906976744186046, 0.813953488372093, 0.7647058823529411, 0.7619047619047619, 0.7083333333333334, 0.8709677419354839, 0.7391304347826086, 0.6666666666666666, 0.7317073170731707, 0.8, 0.7608695652173914, 0.7692307692307693, 0.8717948717948718, 0.6571428571428571, 0.8269230769230769, 0.8333333333333334, 0.7317073170731707, 0.8297872340425532, 0.84375, 0.7441860465116279, 0.8048780487804879, 0.7560975609756098, 0.7391304347826086, 0.8285714285714286, 0.7924528301886793, 0.8409090909090909, 0.825, 0.8, 0.7619047619047619, 0.8, 0.6976744186046512, 0.8571428571428571, 0.813953488372093, 0.717948717948718, 0.7551020408163265, 0.7872340425531915, 0.7631578947368421, 0.925, 0.8, 0.8205128205128205, 0.7727272727272727, 0.8333333333333334, 0.6956521739130435, 0.9090909090909091, 0.7291666666666666, 0.7804878048780488, 0.7906976744186046, 0.7333333333333333, 0.7894736842105263, 0.918918918918919, 0.8837209302325582, 0.7777777777777778, 0.7674418604651163, 0.7608695652173914, 0.7837837837837838, 0.8043478260869565, 0.8157894736842105, 0.7659574468085106, 0.6829268292682927, 0.9459459459459459, 0.717948717948718, 0.7083333333333334, 0.7391304347826086, 0.8636363636363636, 0.8085106382978723, 0.7291666666666666, 0.7857142857142857, 0.9, 0.7948717948717948, 0.7714285714285715, 0.8409090909090909, 0.7678571428571429, 0.6744186046511628, 0.7777777777777778, 0.8222222222222222, 0.7567567567567568, 0.6818181818181818, 0.6956521739130435, 0.7551020408163265, 0.9393939393939394, 0.8333333333333334, 0.6756756756756757, 0.8235294117647058, 0.8611111111111112, 0.8809523809523809, 0.7631578947368421, 0.8048780487804879, 0.8260869565217391, 0.8, 0.7560975609756098], "mean": [0.7906542418649545]}}, "type": "classifier", "name": "RandomForestClassifier", "dataset_name": "ENRON+INFO1+EUSES", "label": "RandomForestClassifier"}