{"scores": {"recall_score": {"std": [0.058870843467572466], "values": [0.323943661971831, 0.39436619718309857, 0.6056338028169014, 0.4647887323943662, 0.38028169014084506, 0.38571428571428573, 0.45714285714285713, 0.4, 0.44285714285714284, 0.45714285714285713, 0.352112676056338, 0.43661971830985913, 0.5211267605633803, 0.5070422535211268, 0.4225352112676056, 0.38571428571428573, 0.42857142857142855, 0.2857142857142857, 0.38571428571428573, 0.44285714285714284, 0.36619718309859156, 0.30985915492957744, 0.5070422535211268, 0.352112676056338, 0.49295774647887325, 0.44285714285714284, 0.4, 0.5, 0.37142857142857144, 0.4142857142857143, 0.4225352112676056, 0.3380281690140845, 0.4647887323943662, 0.352112676056338, 0.4788732394366197, 0.44285714285714284, 0.4857142857142857, 0.4142857142857143, 0.4, 0.2857142857142857, 0.4507042253521127, 0.4507042253521127, 0.36619718309859156, 0.323943661971831, 0.4788732394366197, 0.4714285714285714, 0.38571428571428573, 0.44285714285714284, 0.4142857142857143, 0.42857142857142855, 0.4788732394366197, 0.4084507042253521, 0.4225352112676056, 0.39436619718309857, 0.4507042253521127, 0.37142857142857144, 0.5285714285714286, 0.32857142857142857, 0.3142857142857143, 0.42857142857142855, 0.43661971830985913, 0.5211267605633803, 0.38028169014084506, 0.4084507042253521, 0.4225352112676056, 0.5, 0.35714285714285715, 0.42857142857142855, 0.38571428571428573, 0.4, 0.36619718309859156, 0.43661971830985913, 0.4507042253521127, 0.4647887323943662, 0.4647887323943662, 0.45714285714285713, 0.4714285714285714, 0.42857142857142855, 0.4142857142857143, 0.38571428571428573, 0.38028169014084506, 0.5774647887323944, 0.30985915492957744, 0.3380281690140845, 0.5211267605633803, 0.4142857142857143, 0.4, 0.45714285714285713, 0.44285714285714284, 0.42857142857142855, 0.36619718309859156, 0.38028169014084506, 0.4084507042253521, 0.43661971830985913, 0.4225352112676056, 0.38571428571428573, 0.4857142857142857, 0.44285714285714284, 0.4142857142857143, 0.44285714285714284], "mean": [0.42096981891348084]}, "precision_score": {"std": [0.06522589956770825], "values": [0.696969696969697, 0.8235294117647058, 0.8958333333333334, 0.825, 0.7105263157894737, 0.7105263157894737, 0.8421052631578947, 0.7368421052631579, 0.8157894736842105, 0.8421052631578947, 0.6944444444444444, 0.775, 0.8043478260869565, 0.75, 0.8823529411764706, 0.75, 0.8333333333333334, 0.6451612903225806, 0.7297297297297297, 0.8157894736842105, 0.6666666666666666, 0.7586206896551724, 0.782608695652174, 0.7352941176470589, 0.8333333333333334, 0.775, 0.875, 0.7291666666666666, 0.7027027027027027, 0.8055555555555556, 0.8108108108108109, 0.7272727272727273, 0.7674418604651163, 0.7575757575757576, 0.7906976744186046, 0.7560975609756098, 0.7555555555555555, 0.8529411764705882, 0.7777777777777778, 0.7142857142857143, 0.7441860465116279, 0.8421052631578947, 0.8666666666666667, 0.6216216216216216, 0.7391304347826086, 0.7857142857142857, 0.7714285714285715, 0.8857142857142857, 0.8285714285714286, 0.75, 0.7906976744186046, 0.8285714285714286, 0.6818181818181818, 0.7368421052631579, 0.7272727272727273, 0.9285714285714286, 0.8222222222222222, 0.696969696969697, 0.7586206896551724, 0.8108108108108109, 0.8857142857142857, 0.8604651162790697, 0.7714285714285715, 0.7073170731707317, 0.7317073170731707, 0.8536585365853658, 0.6578947368421053, 0.7894736842105263, 0.7297297297297297, 0.8235294117647058, 0.6666666666666666, 0.7380952380952381, 0.7804878048780488, 0.8048780487804879, 0.8461538461538461, 0.7272727272727273, 0.825, 0.7894736842105263, 0.7631578947368421, 0.7941176470588235, 0.7105263157894737, 0.8541666666666666, 0.6875, 0.7058823529411765, 0.8809523809523809, 0.8055555555555556, 0.717948717948718, 0.8421052631578947, 0.7209302325581395, 0.8571428571428571, 0.7647058823529411, 0.7105263157894737, 0.8787878787878788, 0.7045454545454546, 0.9375, 0.7105263157894737, 0.8292682926829268, 0.8157894736842105, 0.7837837837837838, 0.775], "mean": [0.7781069259169807]}}, "type": "classifier", "name": "RandomForestClassifier", "dataset_name": "EUSES", "label": "RandomForestClassifier"}