{"scores": {"recall_score": {"std": [0.02851122255423045], "values": [1.0, 1.0, 0.9166666666666666, 0.9583333333333334, 1.0, 0.9166666666666666, 0.9375, 0.9583333333333334, 0.9583333333333334, 0.9791666666666666, 0.9795918367346939, 0.9375, 0.9583333333333334, 0.9583333333333334, 0.9791666666666666, 0.9375, 0.9583333333333334, 1.0, 0.9375, 0.9791666666666666, 1.0, 0.875, 0.9791666666666666, 0.9375, 0.9791666666666666, 1.0, 0.9791666666666666, 0.9791666666666666, 0.8958333333333334, 0.9791666666666666, 0.9387755102040817, 0.9583333333333334, 0.9791666666666666, 0.9583333333333334, 0.9791666666666666, 0.9583333333333334, 0.9375, 0.9791666666666666, 0.9375, 0.9583333333333334, 0.9795918367346939, 1.0, 0.9583333333333334, 0.9375, 0.9791666666666666, 0.9375, 0.9166666666666666, 0.9583333333333334, 0.9791666666666666, 0.9583333333333334, 0.9183673469387755, 0.9791666666666666, 0.9791666666666666, 0.9166666666666666, 0.9791666666666666, 0.9375, 0.9583333333333334, 0.9583333333333334, 1.0, 0.9791666666666666, 0.9795918367346939, 0.9583333333333334, 0.9583333333333334, 0.8541666666666666, 0.9791666666666666, 1.0, 0.9375, 1.0, 0.9583333333333334, 0.9791666666666666, 0.9591836734693877, 0.9791666666666666, 0.9583333333333334, 0.9583333333333334, 0.9791666666666666, 0.9166666666666666, 0.9583333333333334, 0.9791666666666666, 0.9791666666666666, 0.9583333333333334, 0.9387755102040817, 0.9791666666666666, 0.9583333333333334, 0.9791666666666666, 0.9791666666666666, 0.9375, 0.9583333333333334, 0.9583333333333334, 0.8958333333333334, 0.9791666666666666, 1.0, 0.9583333333333334, 0.9583333333333334, 1.0, 0.9791666666666666, 0.9375, 0.8958333333333334, 0.9791666666666666, 0.9791666666666666, 0.9375], "mean": [0.960688775510204]}, "precision_score": {"std": [0.0266196808162247], "values": [0.9423076923076923, 0.9795918367346939, 1.0, 0.9387755102040817, 0.9411764705882353, 1.0, 0.9574468085106383, 1.0, 1.0, 0.9591836734693877, 0.9230769230769231, 0.9574468085106383, 1.0, 1.0, 1.0, 1.0, 0.9583333333333334, 0.96, 0.9375, 0.9591836734693877, 0.98, 0.9333333333333333, 0.9215686274509803, 0.9782608695652174, 0.9591836734693877, 0.9795918367346939, 0.9791666666666666, 0.9791666666666666, 0.9772727272727273, 0.9591836734693877, 0.9583333333333334, 0.9387755102040817, 0.9791666666666666, 1.0, 0.9791666666666666, 0.9787234042553191, 0.9782608695652174, 0.94, 0.9574468085106383, 0.9583333333333334, 0.9795918367346939, 0.9795918367346939, 0.9583333333333334, 0.9574468085106383, 0.9791666666666666, 1.0, 0.9777777777777777, 0.92, 0.94, 0.9787234042553191, 0.9782608695652174, 0.9791666666666666, 0.9791666666666666, 0.9361702127659575, 1.0, 0.9375, 1.0, 0.92, 0.9795918367346939, 0.9791666666666666, 0.9230769230769231, 0.9583333333333334, 1.0, 0.9761904761904762, 0.9591836734693877, 0.8727272727272727, 0.9375, 0.96, 0.9787234042553191, 0.9591836734693877, 0.9791666666666666, 0.9591836734693877, 0.9583333333333334, 0.9787234042553191, 1.0, 0.9565217391304348, 0.9787234042553191, 0.9591836734693877, 0.94, 0.9583333333333334, 0.9787234042553191, 1.0, 0.9019607843137255, 1.0, 0.9591836734693877, 0.9782608695652174, 1.0, 0.9387755102040817, 1.0, 0.9038461538461539, 0.98, 0.9787234042553191, 1.0, 0.9230769230769231, 0.9791666666666666, 1.0, 0.9772727272727273, 0.9215686274509803, 0.9791666666666666, 0.9375], "mean": [0.9661892537592679]}}, "type": "classifier", "name": "RandomForestClassifier", "dataset_name": "ENRON", "label": "RandomForestClassifier"}