{"scores": {"recall_score": {"std": [0.04859271732519371], "values": [0.23943661971830985, 0.28169014084507044, 0.4084507042253521, 0.323943661971831, 0.29577464788732394, 0.2714285714285714, 0.2857142857142857, 0.3142857142857143, 0.2571428571428571, 0.3142857142857143, 0.2535211267605634, 0.3380281690140845, 0.352112676056338, 0.323943661971831, 0.3380281690140845, 0.37142857142857144, 0.2714285714285714, 0.2714285714285714, 0.3, 0.2857142857142857, 0.19718309859154928, 0.23943661971830985, 0.36619718309859156, 0.23943661971830985, 0.3380281690140845, 0.38571428571428573, 0.3142857142857143, 0.35714285714285715, 0.3, 0.3, 0.323943661971831, 0.2676056338028169, 0.38028169014084506, 0.29577464788732394, 0.29577464788732394, 0.22857142857142856, 0.3142857142857143, 0.35714285714285715, 0.2714285714285714, 0.18571428571428572, 0.39436619718309857, 0.23943661971830985, 0.30985915492957744, 0.16901408450704225, 0.30985915492957744, 0.34285714285714286, 0.3, 0.3, 0.3142857142857143, 0.2857142857142857, 0.352112676056338, 0.30985915492957744, 0.28169014084507044, 0.323943661971831, 0.29577464788732394, 0.34285714285714286, 0.2857142857142857, 0.21428571428571427, 0.2714285714285714, 0.21428571428571427, 0.323943661971831, 0.352112676056338, 0.323943661971831, 0.29577464788732394, 0.30985915492957744, 0.37142857142857144, 0.24285714285714285, 0.3142857142857143, 0.2571428571428571, 0.2571428571428571, 0.28169014084507044, 0.39436619718309857, 0.2535211267605634, 0.323943661971831, 0.30985915492957744, 0.3142857142857143, 0.32857142857142857, 0.2714285714285714, 0.3, 0.3, 0.323943661971831, 0.4225352112676056, 0.2112676056338028, 0.23943661971830985, 0.36619718309859156, 0.3, 0.21428571428571427, 0.2714285714285714, 0.32857142857142857, 0.2857142857142857, 0.28169014084507044, 0.2535211267605634, 0.323943661971831, 0.2676056338028169, 0.323943661971831, 0.2714285714285714, 0.34285714285714286, 0.2571428571428571, 0.32857142857142857, 0.34285714285714286], "mean": [0.2999617706237424]}, "precision_score": {"std": [0.06360879272425773], "values": [0.4857142857142857, 0.4878048780487805, 0.5918367346938775, 0.5897435897435898, 0.525, 0.4523809523809524, 0.47619047619047616, 0.4074074074074074, 0.43902439024390244, 0.5641025641025641, 0.46153846153846156, 0.47058823529411764, 0.5434782608695652, 0.5227272727272727, 0.5333333333333333, 0.5, 0.5588235294117647, 0.4523809523809524, 0.4375, 0.5405405405405406, 0.4117647058823529, 0.4722222222222222, 0.5652173913043478, 0.4722222222222222, 0.5106382978723404, 0.5, 0.5116279069767442, 0.5555555555555556, 0.5121951219512195, 0.525, 0.46, 0.5428571428571428, 0.5510204081632653, 0.5833333333333334, 0.35, 0.48484848484848486, 0.46808510638297873, 0.5319148936170213, 0.5428571428571428, 0.4642857142857143, 0.5714285714285714, 0.4857142857142857, 0.5945945945945946, 0.35294117647058826, 0.4489795918367347, 0.5, 0.45652173913043476, 0.5, 0.5238095238095238, 0.5, 0.46296296296296297, 0.4583333333333333, 0.45454545454545453, 0.6571428571428571, 0.4666666666666667, 0.5333333333333333, 0.4878048780487805, 0.38461538461538464, 0.5135135135135135, 0.5357142857142857, 0.48936170212765956, 0.6410256410256411, 0.5111111111111111, 0.45652173913043476, 0.5116279069767442, 0.5306122448979592, 0.4146341463414634, 0.5365853658536586, 0.47368421052631576, 0.43902439024390244, 0.5128205128205128, 0.56, 0.4090909090909091, 0.5227272727272727, 0.5789473684210527, 0.43137254901960786, 0.46938775510204084, 0.4634146341463415, 0.5675675675675675, 0.5833333333333334, 0.5348837209302325, 0.6, 0.32608695652173914, 0.4358974358974359, 0.5652173913043478, 0.4666666666666667, 0.38461538461538464, 0.59375, 0.5111111111111111, 0.46511627906976744, 0.4444444444444444, 0.5, 0.48936170212765956, 0.4318181818181818, 0.6764705882352942, 0.40425531914893614, 0.48, 0.43902439024390244, 0.5476190476190477, 0.5454545454545454], "mean": [0.4988902719348747]}}, "type": "classifier", "name": "RandomForestClassifier", "dataset_name": "EUSES", "label": "RandomForestClassifier"}