{"scores": {"recall_score": {"std": [0.026615272703905242], "values": [0.9795918367346939, 1.0, 0.9166666666666666, 0.9583333333333334, 1.0, 0.9166666666666666, 0.9375, 0.9583333333333334, 0.9583333333333334, 0.9791666666666666, 0.9795918367346939, 0.9375, 0.9583333333333334, 0.9583333333333334, 0.9791666666666666, 0.9375, 0.9583333333333334, 1.0, 0.9375, 0.9583333333333334, 1.0, 0.8958333333333334, 0.9583333333333334, 0.9375, 0.9791666666666666, 0.9791666666666666, 0.9791666666666666, 0.9791666666666666, 0.8958333333333334, 0.9791666666666666, 0.9387755102040817, 0.9583333333333334, 0.9791666666666666, 0.9583333333333334, 0.9791666666666666, 0.9583333333333334, 0.9375, 0.9791666666666666, 0.9375, 0.9583333333333334, 0.9795918367346939, 1.0, 0.9583333333333334, 0.9375, 0.9791666666666666, 0.9375, 0.9375, 0.9583333333333334, 0.9791666666666666, 0.9583333333333334, 0.9183673469387755, 0.9791666666666666, 0.9791666666666666, 0.9166666666666666, 0.9791666666666666, 0.9166666666666666, 0.9583333333333334, 0.9583333333333334, 1.0, 0.9791666666666666, 0.9795918367346939, 0.9583333333333334, 0.9583333333333334, 0.8541666666666666, 0.9791666666666666, 1.0, 0.9375, 1.0, 0.9583333333333334, 0.9583333333333334, 0.9591836734693877, 0.9791666666666666, 0.9583333333333334, 0.9583333333333334, 0.9791666666666666, 0.9166666666666666, 0.9375, 0.9791666666666666, 0.9791666666666666, 0.9583333333333334, 0.9387755102040817, 0.9791666666666666, 0.9583333333333334, 0.9791666666666666, 0.9583333333333334, 0.9375, 0.9375, 0.9583333333333334, 0.9583333333333334, 0.9791666666666666, 1.0, 0.9583333333333334, 0.9583333333333334, 1.0, 0.9791666666666666, 0.9375, 0.8958333333333334, 0.9791666666666666, 0.9583333333333334, 0.9375], "mean": [0.9596513605442176]}, "precision_score": {"std": [0.02187539605220402], "values": [0.96, 0.9795918367346939, 1.0, 0.9387755102040817, 0.9795918367346939, 1.0, 0.9375, 0.9787234042553191, 1.0, 1.0, 0.96, 0.9782608695652174, 1.0, 1.0, 0.9791666666666666, 1.0, 0.9787234042553191, 0.96, 0.9574468085106383, 0.9583333333333334, 0.98, 0.9772727272727273, 0.92, 0.9782608695652174, 0.9591836734693877, 1.0, 0.9591836734693877, 1.0, 1.0, 0.9791666666666666, 0.9583333333333334, 0.9583333333333334, 0.9791666666666666, 1.0, 0.9591836734693877, 0.9787234042553191, 1.0, 0.9791666666666666, 0.9782608695652174, 0.9583333333333334, 1.0, 1.0, 0.9583333333333334, 0.9782608695652174, 0.9791666666666666, 1.0, 0.9782608695652174, 0.9387755102040817, 0.94, 0.9787234042553191, 0.9782608695652174, 0.9791666666666666, 1.0, 0.9565217391304348, 1.0, 0.9777777777777777, 1.0, 0.92, 0.9795918367346939, 0.9591836734693877, 0.9230769230769231, 1.0, 1.0, 0.9318181818181818, 0.9591836734693877, 0.9795918367346939, 0.9782608695652174, 0.96, 0.9787234042553191, 1.0, 0.9791666666666666, 0.9791666666666666, 0.9583333333333334, 1.0, 1.0, 0.9565217391304348, 1.0, 0.9591836734693877, 0.94, 0.9787234042553191, 0.9787234042553191, 1.0, 0.92, 1.0, 0.9787234042553191, 0.9782608695652174, 1.0, 0.9787234042553191, 0.9787234042553191, 0.9215686274509803, 0.98, 0.9787234042553191, 1.0, 0.96, 0.9791666666666666, 0.9782608695652174, 0.9772727272727273, 0.94, 0.9787234042553191, 0.9574468085106383], "mean": [0.9747677314526553]}}, "type": "classifier", "name": "RandomForestClassifier", "dataset_name": "ENRON", "label": "RandomForestClassifier"}