{"scores": {"recall_score": {"std": [0.0183121422342658], "values": [0.7790697674418605, 0.7577519379844961, 0.7984496124031008, 0.7693798449612403, 0.813953488372093, 0.8062015503875969, 0.8158914728682171, 0.8155339805825242, 0.7844660194174757, 0.7669902912621359, 0.7848837209302325, 0.7868217054263565, 0.7848837209302325, 0.751937984496124, 0.7790697674418605, 0.7810077519379846, 0.8197674418604651, 0.8097087378640777, 0.8097087378640777, 0.7747572815533981, 0.7829457364341085, 0.7771317829457365, 0.7965116279069767, 0.7751937984496124, 0.7810077519379846, 0.7945736434108527, 0.7868217054263565, 0.7747572815533981, 0.8174757281553398, 0.8213592233009709, 0.7790697674418605, 0.7829457364341085, 0.8062015503875969, 0.7965116279069767, 0.812015503875969, 0.7635658914728682, 0.7868217054263565, 0.7631067961165049, 0.8058252427184466, 0.7805825242718447, 0.7926356589147286, 0.7713178294573644, 0.7790697674418605, 0.7945736434108527, 0.7906976744186046, 0.8003875968992248, 0.7906976744186046, 0.7864077669902912, 0.7844660194174757, 0.7825242718446602, 0.748062015503876, 0.813953488372093, 0.8158914728682171, 0.7790697674418605, 0.7596899224806202, 0.8352713178294574, 0.7751937984496124, 0.7902912621359224, 0.7786407766990291, 0.7941747572815534, 0.7693798449612403, 0.8062015503875969, 0.7887596899224806, 0.7810077519379846, 0.7965116279069767, 0.7868217054263565, 0.7732558139534884, 0.7708737864077669, 0.7922330097087379, 0.7786407766990291, 0.7771317829457365, 0.7635658914728682, 0.8062015503875969, 0.7577519379844961, 0.7558139534883721, 0.8236434108527132, 0.7906976744186046, 0.7708737864077669, 0.8116504854368932, 0.7961165048543689, 0.7965116279069767, 0.7906976744186046, 0.7810077519379846, 0.7538759689922481, 0.7829457364341085, 0.7577519379844961, 0.8003875968992248, 0.7922330097087379, 0.8038834951456311, 0.7805825242718447, 0.8197674418604651, 0.7945736434108527, 0.7751937984496124, 0.8003875968992248, 0.7674418604651163, 0.7558139534883721, 0.8042635658914729, 0.7922330097087379, 0.7883495145631068, 0.7611650485436893], "mean": [0.7873387521637691]}, "precision_score": {"std": [0.015143710178182905], "values": [0.6261682242990654, 0.6441515650741351, 0.6498422712933754, 0.6321656050955414, 0.6552262090483619, 0.6322188449848024, 0.6476923076923077, 0.6471494607087828, 0.6224961479198767, 0.659432387312187, 0.6108597285067874, 0.6527331189710611, 0.6574675324675324, 0.6247987117552335, 0.6452648475120385, 0.6542207792207793, 0.6409090909090909, 0.6337386018237082, 0.6455108359133127, 0.6394230769230769, 0.6688741721854304, 0.6334913112164297, 0.6421875, 0.6144393241167435, 0.6296875, 0.6765676567656765, 0.6590909090909091, 0.6435483870967742, 0.6274217585692996, 0.6418816388467374, 0.6330708661417322, 0.624420401854714, 0.6656, 0.6452119309262166, 0.6629746835443038, 0.6416938110749185, 0.6304347826086957, 0.655, 0.6287878787878788, 0.6644628099173554, 0.6341085271317829, 0.6277602523659306, 0.6203703703703703, 0.6128550074738416, 0.6325581395348837, 0.6576433121019108, 0.640502354788069, 0.680672268907563, 0.6495176848874598, 0.6521035598705501, 0.6498316498316499, 0.6501547987616099, 0.6340361445783133, 0.6813559322033899, 0.6405228758169934, 0.6273653566229985, 0.6430868167202572, 0.6290571870170015, 0.6375198728139905, 0.6400625978090767, 0.6465798045602605, 0.6933333333333334, 0.6596434359805511, 0.6479099678456591, 0.6362229102167183, 0.6403785488958991, 0.6394230769230769, 0.6352, 0.6394984326018809, 0.6334913112164297, 0.6541598694942904, 0.6175548589341693, 0.6469673405909798, 0.6316639741518578, 0.6435643564356436, 0.6419939577039275, 0.6325581395348837, 0.6540362438220758, 0.6450617283950617, 0.6539074960127592, 0.641185647425897, 0.6570048309178744, 0.6287051482059283, 0.6526845637583892, 0.6443381180223285, 0.6452145214521452, 0.6164179104477612, 0.6276923076923077, 0.6561014263074485, 0.638095238095238, 0.6418816388467374, 0.6507936507936508, 0.6410256410256411, 0.6403100775193798, 0.6073619631901841, 0.639344262295082, 0.6424148606811145, 0.6248085758039816, 0.6373626373626373, 0.6644067796610169], "mean": [0.6424169996593672]}}, "type": "classifier", "name": "RandomForestClassifier", "dataset_name": "INFO1", "label": "RandomForestClassifier"}