{"scores": {"recall_score": {"std": [0.02187970113970244], "values": [0.6996124031007752, 0.6453488372093024, 0.6627906976744186, 0.6957364341085271, 0.7306201550387597, 0.6841085271317829, 0.6976744186046512, 0.6873786407766991, 0.6893203883495146, 0.6737864077669903, 0.6821705426356589, 0.6686046511627907, 0.6647286821705426, 0.6550387596899225, 0.686046511627907, 0.6802325581395349, 0.6957364341085271, 0.683495145631068, 0.7048543689320388, 0.7029126213592233, 0.6511627906976745, 0.6782945736434108, 0.6976744186046512, 0.6589147286821705, 0.6744186046511628, 0.6627906976744186, 0.686046511627907, 0.6737864077669903, 0.7106796116504854, 0.7184466019417476, 0.6802325581395349, 0.6957364341085271, 0.6957364341085271, 0.7209302325581395, 0.689922480620155, 0.6763565891472868, 0.6686046511627907, 0.658252427184466, 0.7009708737864078, 0.6815533980582524, 0.686046511627907, 0.6472868217054264, 0.6434108527131783, 0.686046511627907, 0.7034883720930233, 0.7015503875968992, 0.7015503875968992, 0.6815533980582524, 0.6679611650485436, 0.7067961165048544, 0.6511627906976745, 0.7383720930232558, 0.6918604651162791, 0.6686046511627907, 0.6686046511627907, 0.7034883720930233, 0.6782945736434108, 0.6912621359223301, 0.6737864077669903, 0.7165048543689321, 0.6356589147286822, 0.7131782945736435, 0.6569767441860465, 0.6976744186046512, 0.7034883720930233, 0.689922480620155, 0.6937984496124031, 0.6524271844660194, 0.7048543689320388, 0.6737864077669903, 0.6666666666666666, 0.6782945736434108, 0.689922480620155, 0.6666666666666666, 0.6686046511627907, 0.7112403100775194, 0.6763565891472868, 0.6776699029126214, 0.7106796116504854, 0.7067961165048544, 0.7228682170542635, 0.6802325581395349, 0.6627906976744186, 0.5988372093023255, 0.6724806201550387, 0.6724806201550387, 0.6957364341085271, 0.6932038834951456, 0.7029126213592233, 0.6990291262135923, 0.7189922480620154, 0.7034883720930233, 0.6821705426356589, 0.6569767441860465, 0.6686046511627907, 0.6744186046511628, 0.686046511627907, 0.6854368932038835, 0.683495145631068, 0.6718446601941748], "mean": [0.6838504929630467]}, "precision_score": {"std": [0.012862616089879096], "values": [0.4640102827763496, 0.471004243281471, 0.4810126582278481, 0.4723684210526316, 0.5013297872340425, 0.4776725304465494, 0.47182175622542594, 0.48032564450474896, 0.4816824966078697, 0.48194444444444445, 0.47248322147651006, 0.47455295735900965, 0.4731034482758621, 0.4592391304347826, 0.47516778523489933, 0.4828060522696011, 0.4748677248677249, 0.4737550471063257, 0.4852941176470588, 0.49184782608695654, 0.4827586206896552, 0.47748976807639837, 0.4743083003952569, 0.4427083333333333, 0.4773662551440329, 0.49421965317919075, 0.49166666666666664, 0.47994467496542187, 0.472258064516129, 0.4737516005121639, 0.4992887624466572, 0.46262886597938147, 0.4838274932614555, 0.4875491480996068, 0.489010989010989, 0.4915492957746479, 0.46495956873315364, 0.4643835616438356, 0.4781456953642384, 0.48148148148148145, 0.48360655737704916, 0.45566166439290584, 0.44266666666666665, 0.4544287548138639, 0.47265625, 0.48202396804260983, 0.4839572192513369, 0.503586800573888, 0.48519040902679833, 0.4932249322493225, 0.47863247863247865, 0.4916129032258065, 0.46788990825688076, 0.4831932773109244, 0.47717842323651455, 0.4795244385733157, 0.4697986577181208, 0.46657929226736566, 0.47599451303155005, 0.484251968503937, 0.47126436781609193, 0.5111111111111111, 0.48359486447931527, 0.49113233287858116, 0.4745098039215686, 0.45817245817245816, 0.5049365303244006, 0.4666666666666667, 0.4763779527559055, 0.464524765729585, 0.4963924963924964, 0.45931758530183725, 0.47657295850066933, 0.48179271708683474, 0.46184738955823296, 0.48544973544973546, 0.4722598105548038, 0.4881118881118881, 0.4912751677852349, 0.49523809523809526, 0.48253557567917205, 0.48413793103448277, 0.462787550744249, 0.46536144578313254, 0.47928176795580113, 0.4915014164305949, 0.45790816326530615, 0.473474801061008, 0.4885290148448043, 0.4768211920529801, 0.4649122807017544, 0.48079470198675495, 0.4861878453038674, 0.49416909620991256, 0.452755905511811, 0.4793388429752066, 0.4882758620689655, 0.4584415584415584, 0.49299719887955185, 0.4949928469241774], "mean": [0.47812999153675745]}}, "type": "classifier", "name": "RandomForestClassifier", "dataset_name": "INFO1", "label": "RandomForestClassifier"}